id,c1_us,c2_us,c5_us,c6_us,us1count,us2count,us3count,c3_chn,c4_chn,c7_chn,c10_chn,chn1count,chn2count,chn3count,c1_sko,c3_sko,c5_sko,c7_sko,sko1count,sko2count,sko3count,c2_nko,c4_nko,c6_nko,c10_nko,nko1count,nko2count,nko3count
1,1,1,2,2,2,2,0,2,2,3,3,0,2,2,2,2,2,2,0,4,0,1,2,1,1,3,1,0
2,1,2,2,2,1,3,0,2,2,2,2,0,4,0,2,2,2,2,0,4,0,9,9,3,9,0,0,1
3,2,2,2,1,1,3,0,3,3,3,3,0,0,4,2,3,3,3,0,1,3,1,1,3,1,3,0,1
4,2,1,2,2,1,3,0,2,2,1,1,2,2,0,1,2,2,2,1,3,0,2,2,3,1,1,2,1
5,3,3,3,3,0,0,4,2,2,2,2,0,4,0,2,2,1,2,1,3,0,2,2,3,3,0,2,2
6,2,2,2,2,0,4,0,2,2,2,2,0,4,0,2,2,2,2,0,4,0,2,2,1,2,1,3,0
7,3,3,3,3,0,0,4,2,2,2,2,0,4,0,1,2,1,1,3,1,0,3,2,3,3,0,1,3
8,2,2,2,3,0,3,1,2,2,3,2,0,3,1,1,2,2,2,1,3,0,1,1,1,1,4,0,0
9,2,1,1,1,3,1,0,2,2,2,2,0,4,0,2,2,2,2,0,4,0,2,1,2,1,2,2,0
10,2,2,2,2,0,4,0,2,2,2,2,0,4,0,2,2,2,2,0,4,0,1,2,3,1,2,1,1
11,2,2,2,2,0,4,0,2,3,2,2,0,3,1,1,1,1,1,4,0,0,2,2,3,2,0,3,1
12,1,1,2,1,3,1,0,2,1,1,1,3,1,0,2,2,2,3,0,3,1,3,2,3,2,0,2,2
13,2,2,2,3,0,3,1,1,1,1,1,4,0,0,3,3,3,3,0,0,4,3,2,3,3,0,1,3
14,1,2,2,3,1,2,1,3,3,3,3,0,0,4,2,1,3,2,1,2,1,2,2,3,2,0,3,1
15,2,3,2,2,0,3,1,2,2,3,3,0,2,2,1,2,2,2,1,3,0,1,2,3,2,1,2,1
16,3,2,2,3,0,2,2,2,1,1,1,3,1,0,3,2,2,2,0,3,1,3,2,3,1,1,1,2
17,2,2,2,3,0,3,1,2,2,1,1,2,2,0,2,2,2,2,0,4,0,1,1,1,1,4,0,0
18,2,2,2,2,0,4,0,2,2,1,1,2,2,0,2,2,2,2,0,4,0,8,1,1,1,3,0,0
19,2,3,2,3,0,2,2,2,2,1,1,2,2,0,2,2,2,2,0,4,0,9,9,1,9,1,0,0
20,2,2,2,2,0,4,0,2,2,2,2,0,4,0,1,1,2,1,3,1,0,2,2,2,3,0,3,1
21,1,2,2,1,2,2,0,2,1,1,2,2,2,0,2,2,2,2,0,4,0,3,2,3,3,0,1,3
22,1,1,1,1,4,0,0,1,1,1,1,4,0,0,2,2,2,2,0,4,0,2,2,1,1,2,2,0
23,3,3,3,3,0,0,4,2,1,2,2,1,3,0,2,2,2,2,0,4,0,3,2,3,2,0,2,2
24,1,1,1,1,4,0,0,2,1,2,1,2,2,0,2,2,3,3,0,2,2,1,2,2,2,1,3,0
25,2,1,2,3,1,2,1,2,1,1,1,3,1,0,3,2,2,2,0,3,1,1,2,1,1,3,1,0
26,1,1,1,1,4,0,0,3,3,3,3,0,0,4,1,2,2,2,1,3,0,1,1,1,1,4,0,0
27,2,2,2,2,0,4,0,2,2,2,2,0,4,0,2,2,2,2,0,4,0,1,2,2,1,2,2,0
28,2,2,2,3,0,3,1,2,3,3,3,0,1,3,2,2,2,3,0,3,1,1,1,2,2,2,2,0
29,2,2,2,1,1,3,0,1,1,1,1,4,0,0,2,2,2,2,0,4,0,2,2,2,2,0,4,0
30,2,3,2,3,0,2,2,2,3,2,3,0,2,2,2,2,2,2,0,4,0,3,2,3,3,0,1,3
31,2,2,2,1,1,3,0,2,1,1,1,3,1,0,2,2,2,3,0,3,1,2,2,2,2,0,4,0
32,2,2,2,2,0,4,0,3,3,3,3,0,0,4,2,2,2,2,0,4,0,2,2,3,2,0,3,1
33,2,2,2,1,1,3,0,2,3,3,2,0,2,2,2,2,2,2,0,4,0,2,2,3,2,0,3,1
34,2,2,1,1,2,2,0,3,3,2,2,0,2,2,2,2,2,2,0,4,0,2,3,3,3,0,1,3
35,2,2,2,3,0,3,1,2,2,2,2,0,4,0,1,2,2,2,1,3,0,3,2,3,3,0,1,3
36,2,2,1,1,2,2,0,3,3,3,3,0,0,4,2,2,2,2,0,4,0,3,2,1,3,1,1,2
37,2,3,2,3,0,2,2,2,1,1,1,3,1,0,2,2,2,2,0,4,0,2,2,3,2,0,3,1
38,2,2,2,3,0,3,1,2,2,1,1,2,2,0,2,2,2,2,0,4,0,1,1,3,1,3,0,1
39,3,2,2,3,0,2,2,1,1,1,1,4,0,0,2,2,3,2,0,3,1,1,2,3,1,2,1,1
40,2,2,1,1,2,2,0,2,3,3,3,0,1,3,2,2,2,2,0,4,0,2,2,3,3,0,2,2
41,1,2,2,2,1,3,0,2,1,2,1,2,2,0,2,2,2,2,0,4,0,1,2,2,2,1,3,0
42,2,2,2,3,0,3,1,2,2,2,8,0,3,0,2,2,2,2,0,4,0,1,1,1,1,4,0,0
43,3,2,3,3,0,1,3,2,2,2,1,1,3,0,2,2,2,2,0,4,0,3,2,3,3,0,1,3
44,2,2,2,3,0,3,1,1,1,1,1,4,0,0,2,2,2,2,0,4,0,1,2,1,1,3,1,0
45,2,2,2,3,0,3,1,2,2,2,2,0,4,0,2,2,2,2,0,4,0,1,2,1,1,3,1,0
46,2,2,2,2,0,4,0,1,2,1,1,3,1,0,1,2,2,2,1,3,0,1,2,1,1,3,1,0
47,3,2,2,3,0,2,2,2,2,2,8,0,3,0,2,2,2,2,0,4,0,1,2,3,1,2,1,1
48,2,1,2,1,2,2,0,1,1,1,1,4,0,0,2,2,2,2,0,4,0,2,2,3,2,0,3,1
49,2,2,2,3,0,3,1,2,1,1,1,3,1,0,2,2,2,2,0,4,0,1,2,2,1,2,2,0
50,2,2,2,1,1,3,0,2,2,3,1,1,2,1,1,2,2,1,2,2,0,1,2,2,1,2,2,0
51,3,3,3,3,0,0,4,2,2,2,1,1,3,0,2,2,2,2,0,4,0,2,2,1,2,1,3,0
52,2,2,2,3,0,3,1,2,2,1,1,2,2,0,1,2,2,2,1,3,0,1,1,1,1,4,0,0
53,2,2,2,3,0,3,1,2,2,2,2,0,4,0,3,3,3,3,0,0,4,1,2,3,2,1,2,1
54,2,3,2,3,0,2,2,2,2,2,2,0,4,0,2,2,2,2,0,4,0,3,2,3,2,0,2,2
55,2,2,2,1,1,3,0,2,8,2,8,0,2,0,2,2,2,2,0,4,0,3,2,3,2,0,2,2
56,2,2,2,3,0,3,1,2,1,1,1,3,1,0,2,2,2,2,0,4,0,2,2,2,1,1,3,0
57,2,2,2,1,1,3,0,2,2,2,1,1,3,0,2,2,2,2,0,4,0,2,2,3,3,0,2,2
58,1,1,2,2,2,2,0,2,2,2,2,0,4,0,2,2,2,2,0,4,0,1,1,2,1,3,1,0
59,3,2,2,3,0,2,2,2,3,2,3,0,2,2,2,2,2,3,0,3,1,3,2,3,3,0,1,3
60,1,1,2,3,2,1,1,2,3,3,3,0,1,3,3,3,2,3,0,1,3,2,2,3,3,0,2,2
61,2,3,3,3,0,1,3,2,2,2,3,0,3,1,2,2,2,3,0,3,1,1,2,3,3,1,1,2
62,2,2,2,3,0,3,1,2,2,2,3,0,3,1,2,2,2,1,1,3,0,1,1,3,1,3,0,1
63,2,3,2,3,0,2,2,1,1,1,1,4,0,0,2,2,2,2,0,4,0,1,2,3,3,1,1,2
64,2,2,2,3,0,3,1,2,1,2,1,2,2,0,2,3,2,3,0,2,2,2,3,3,3,0,1,3
65,2,2,2,2,0,4,0,2,2,2,2,0,4,0,2,2,2,2,0,4,0,2,2,3,3,0,2,2
66,2,2,2,1,1,3,0,2,2,2,3,0,3,1,3,2,2,3,0,2,2,2,2,2,2,0,4,0
67,2,2,2,2,0,4,0,2,1,1,1,3,1,0,2,2,2,2,0,4,0,3,2,3,3,0,1,3
68,2,2,2,3,0,3,1,2,1,1,2,2,2,0,1,1,2,2,2,2,0,2,2,3,2,0,3,1
69,2,2,2,3,0,3,1,1,1,1,1,4,0,0,2,2,2,2,0,4,0,2,2,3,2,0,3,1
70,2,2,2,2,0,4,0,2,2,1,1,2,2,0,2,3,3,3,0,1,3,3,2,3,3,0,1,3
71,2,2,2,3,0,3,1,2,2,2,2,0,4,0,2,2,2,2,0,4,0,1,1,1,1,4,0,0
72,1,2,2,1,2,2,0,2,2,2,3,0,3,1,2,2,2,2,0,4,0,1,2,3,1,2,1,1
73,2,2,2,1,1,3,0,2,2,3,2,0,3,1,1,2,2,1,2,2,0,2,2,3,2,0,3,1
74,2,2,2,2,0,4,0,1,2,2,1,2,2,0,2,2,2,2,0,4,0,1,2,1,1,3,1,0
75,2,2,2,3,0,3,1,2,2,2,2,0,4,0,2,2,2,2,0,4,0,1,2,2,1,2,2,0
76,2,2,2,3,0,3,1,2,2,3,3,0,2,2,2,2,2,2,0,4,0,2,2,3,3,0,2,2
77,1,8,2,3,1,1,1,1,1,1,1,4,0,0,1,2,2,2,1,3,0,2,2,1,1,2,2,0
78,2,2,3,3,0,2,2,2,1,1,1,3,1,0,2,2,2,2,0,4,0,1,2,2,2,1,3,0
79,2,3,3,3,0,1,3,1,1,1,1,4,0,0,2,2,2,2,0,4,0,1,1,1,1,4,0,0
80,3,3,2,3,0,1,3,2,2,2,1,1,3,0,2,2,2,2,0,4,0,3,2,3,3,0,1,3
81,1,2,1,1,3,1,0,3,2,3,3,0,1,3,2,2,2,2,0,4,0,9,9,1,9,1,0,0
82,1,1,2,1,3,1,0,2,2,3,3,0,2,2,2,3,2,3,0,2,2,3,2,3,2,0,2,2
83,2,3,2,2,0,3,1,2,2,2,2,0,4,0,2,2,2,2,0,4,0,1,1,1,1,4,0,0
84,1,1,1,1,4,0,0,2,2,2,1,1,3,0,1,2,2,2,1,3,0,2,2,2,1,1,3,0
85,2,2,2,2,0,4,0,2,2,2,1,1,3,0,2,2,2,2,0,4,0,3,2,3,3,0,1,3
86,1,1,1,1,4,0,0,2,2,2,1,1,3,0,1,2,1,2,2,2,0,2,2,2,2,0,4,0
87,1,1,2,1,3,1,0,3,3,2,3,0,1,3,2,2,2,2,0,4,0,1,1,1,1,4,0,0
88,2,2,2,1,1,3,0,2,2,2,2,0,4,0,1,1,1,1,4,0,0,1,2,1,1,3,1,0
89,1,1,2,2,2,2,0,2,2,2,1,1,3,0,2,2,2,2,0,4,0,1,2,3,2,1,2,1
90,1,2,1,1,3,1,0,2,2,2,2,0,4,0,1,1,1,1,4,0,0,3,2,2,3,0,2,2
91,2,2,2,2,0,4,0,2,2,2,2,0,4,0,1,1,1,1,4,0,0,2,2,3,1,1,2,1
92,2,2,2,2,0,4,0,2,2,2,1,1,3,0,2,2,2,2,0,4,0,1,2,2,1,2,2,0
93,1,2,2,1,2,2,0,2,2,2,2,0,4,0,2,2,2,2,0,4,0,3,2,3,3,0,1,3
94,1,1,2,3,2,1,1,2,2,2,2,0,4,0,1,2,1,1,3,1,0,1,2,1,1,3,1,0
95,1,2,2,1,2,2,0,3,2,3,3,0,1,3,2,2,2,2,0,4,0,2,2,3,3,0,2,2
96,2,2,2,2,0,4,0,2,2,2,2,0,4,0,2,2,2,2,0,4,0,2,2,3,2,0,3,1
97,2,2,2,1,1,3,0,2,2,2,2,0,4,0,2,2,2,2,0,4,0,2,2,3,3,0,2,2
98,3,2,2,3,0,2,2,2,3,3,2,0,2,2,2,2,2,2,0,4,0,1,2,2,1,2,2,0
99,1,2,2,3,1,2,1,2,1,2,1,2,2,0,2,2,2,2,0,4,0,2,2,2,1,1,3,0
100,1,1,1,1,4,0,0,2,2,2,3,0,3,1,1,1,1,1,4,0,0,1,2,2,1,2,2,0
101,2,1,2,1,2,2,0,2,2,2,3,0,3,1,2,2,2,2,0,4,0,2,2,3,3,0,2,2
102,2,2,2,1,1,3,0,2,2,2,3,0,3,1,2,2,2,2,0,4,0,2,2,3,3,0,2,2
103,2,2,2,1,1,3,0,2,2,2,2,0,4,0,2,2,2,2,0,4,0,2,2,2,2,0,4,0
104,2,2,2,2,0,4,0,3,2,2,3,0,2,2,2,2,2,2,0,4,0,2,2,3,3,0,2,2
105,1,2,2,1,2,2,0,2,2,2,2,0,4,0,2,2,2,2,0,4,0,1,2,1,1,3,1,0
106,2,2,2,3,0,3,1,1,1,1,1,4,0,0,2,2,2,3,0,3,1,1,2,3,2,1,2,1
107,2,2,2,3,0,3,1,2,3,2,3,0,2,2,2,2,2,2,0,4,0,2,2,2,2,0,4,0
108,3,3,3,3,0,0,4,1,1,1,1,4,0,0,2,2,2,2,0,4,0,2,2,3,3,0,2,2
109,1,2,2,1,2,2,0,1,1,1,1,4,0,0,2,2,2,2,0,4,0,1,1,2,1,3,1,0
110,2,2,2,1,1,3,0,1,1,1,1,4,0,0,3,2,2,3,0,2,2,9,9,2,9,0,1,0
111,2,1,2,1,2,2,0,2,2,2,8,0,3,0,2,2,2,2,0,4,0,3,3,3,3,0,0,4
112,3,3,3,3,0,0,4,2,2,2,8,0,3,0,2,2,2,2,0,4,0,2,2,3,2,0,3,1
113,2,2,2,3,0,3,1,1,2,2,2,1,3,0,1,2,1,1,3,1,0,3,2,3,3,0,1,3
114,2,1,2,1,2,2,0,1,1,1,1,4,0,0,1,1,1,1,4,0,0,2,2,2,2,0,4,0
115,2,2,2,3,0,3,1,2,1,2,1,2,2,0,2,2,2,3,0,3,1,1,2,3,2,1,2,1
116,1,1,2,1,3,1,0,2,2,2,2,0,4,0,2,2,2,2,0,4,0,1,2,3,1,2,1,1
117,2,2,2,1,1,3,0,1,1,1,1,4,0,0,2,2,2,2,0,4,0,2,2,3,2,0,3,1
118,2,1,2,1,2,2,0,2,2,2,2,0,4,0,2,2,2,3,0,3,1,2,2,3,2,0,3,1
119,2,2,2,1,1,3,0,1,1,1,1,4,0,0,2,2,2,2,0,4,0,1,2,3,1,2,1,1
120,1,1,1,1,4,0,0,2,2,2,8,0,3,0,2,2,2,2,0,4,0,9,1,1,1,3,0,0
121,2,2,2,2,0,4,0,2,2,2,3,0,3,1,2,2,2,2,0,4,0,2,2,3,2,0,3,1
122,2,2,2,2,0,4,0,2,2,2,1,1,3,0,2,2,2,2,0,4,0,1,2,2,1,2,2,0
123,2,9,2,3,0,2,1,1,2,1,1,3,1,0,2,2,2,2,0,4,0,1,2,1,1,3,1,0
124,2,2,2,3,0,3,1,1,1,1,1,4,0,0,1,1,1,2,3,1,0,3,2,3,3,0,1,3
125,2,3,2,3,0,2,2,3,2,2,2,0,3,1,3,3,2,3,0,1,3,1,2,3,1,2,1,1
126,2,9,2,2,0,3,0,2,2,2,1,1,3,0,3,2,2,2,0,3,1,1,2,2,2,1,3,0
127,2,3,2,3,0,2,2,1,1,1,1,4,0,0,2,2,2,3,0,3,1,2,3,3,3,0,1,3
128,2,3,2,3,0,2,2,1,1,1,1,4,0,0,2,2,2,2,0,4,0,1,1,1,1,4,0,0
129,2,2,2,3,0,3,1,1,1,1,1,4,0,0,1,1,1,1,4,0,0,2,2,3,2,0,3,1
130,2,3,3,3,0,1,3,2,2,1,1,2,2,0,2,2,2,2,0,4,0,1,2,1,1,3,1,0
131,2,9,2,2,0,3,0,1,2,1,1,3,1,0,2,2,2,2,0,4,0,1,2,3,1,2,1,1
132,1,2,2,3,1,2,1,3,3,3,3,0,0,4,2,2,2,2,0,4,0,2,2,3,1,1,2,1
133,2,1,2,3,1,2,1,1,2,1,1,3,1,0,2,2,2,2,0,4,0,1,1,1,1,4,0,0
134,2,2,2,3,0,3,1,2,2,2,2,0,4,0,3,2,2,3,0,2,2,2,1,1,1,3,1,0
135,3,2,2,3,0,2,2,1,1,1,1,4,0,0,3,3,3,3,0,0,4,2,2,3,2,0,3,1
136,2,3,2,1,1,2,1,2,2,2,3,0,3,1,2,2,2,2,0,4,0,1,2,2,3,1,2,1
137,2,2,2,3,0,3,1,2,2,2,2,0,4,0,2,2,2,3,0,3,1,3,2,3,3,0,1,3
138,2,1,2,3,1,2,1,2,2,2,2,0,4,0,1,2,1,1,3,1,0,1,2,3,2,1,2,1
139,1,2,1,3,2,1,1,2,2,2,2,0,4,0,2,2,2,2,0,4,0,3,2,3,3,0,1,3
140,2,1,2,1,2,2,0,1,2,1,1,3,1,0,2,2,2,2,0,4,0,2,2,2,1,1,3,0
141,3,3,2,3,0,1,3,1,1,2,1,3,1,0,2,2,2,2,0,4,0,1,2,1,1,3,1,0
142,2,2,2,3,0,3,1,2,2,2,2,0,4,0,2,2,2,2,0,4,0,1,2,3,1,2,1,1
143,1,2,1,1,3,1,0,2,2,2,1,1,3,0,3,2,3,2,0,2,2,1,2,3,1,2,1,1
144,2,2,2,3,0,3,1,2,2,2,1,1,3,0,2,2,2,2,0,4,0,1,2,3,3,1,1,2
145,2,3,2,1,1,2,1,1,2,2,1,2,2,0,3,3,3,3,0,0,4,2,2,3,1,1,2,1
146,1,2,1,1,3,1,0,1,1,1,1,4,0,0,2,2,2,2,0,4,0,1,2,2,1,2,2,0
147,2,2,2,1,1,3,0,2,8,2,1,1,2,0,2,2,2,2,0,4,0,1,1,1,1,4,0,0
148,2,1,2,3,1,2,1,1,1,1,1,4,0,0,2,2,2,2,0,4,0,1,1,1,1,4,0,0
149,2,2,2,1,1,3,0,2,2,2,1,1,3,0,2,2,2,3,0,3,1,1,1,1,1,4,0,0
150,2,2,2,1,1,3,0,2,2,2,2,0,4,0,3,2,2,3,0,2,2,2,2,3,2,0,3,1
151,1,2,2,1,2,2,0,2,2,2,2,0,4,0,1,1,1,1,4,0,0,2,1,1,1,3,1,0
152,2,3,2,3,0,2,2,1,1,1,1,4,0,0,2,2,2,2,0,4,0,1,3,3,3,1,0,3
153,2,2,2,2,0,4,0,1,1,1,1,4,0,0,2,2,2,2,0,4,0,2,3,3,3,0,1,3
154,1,1,1,1,4,0,0,1,2,1,1,3,1,0,2,2,2,2,0,4,0,2,1,1,2,2,2,0
155,2,2,2,1,1,3,0,2,2,2,1,1,3,0,2,2,2,2,0,4,0,9,9,2,9,0,1,0
156,2,2,2,3,0,3,1,2,2,2,1,1,3,0,2,2,2,2,0,4,0,2,2,3,3,0,2,2
157,1,1,1,1,4,0,0,1,1,2,1,3,1,0,2,2,2,2,0,4,0,2,2,3,3,0,2,2
158,2,3,2,2,0,3,1,2,2,2,3,0,3,1,2,2,2,2,0,4,0,1,2,1,1,3,1,0
159,2,2,2,3,0,3,1,2,2,3,3,0,2,2,2,2,2,3,0,3,1,2,2,2,2,0,4,0
160,3,2,2,3,0,2,2,2,2,2,2,0,4,0,2,2,2,2,0,4,0,3,2,3,1,1,1,2
161,2,2,2,3,0,3,1,2,2,2,2,0,4,0,2,3,2,2,0,3,1,2,2,3,3,0,2,2
162,2,2,2,1,1,3,0,2,2,2,1,1,3,0,2,2,2,2,0,4,0,1,2,2,1,2,2,0
163,2,3,2,3,0,2,2,2,2,3,3,0,2,2,2,2,2,2,0,4,0,1,2,1,2,2,2,0
164,1,2,2,3,1,2,1,1,1,1,1,4,0,0,2,2,2,2,0,4,0,2,2,1,1,2,2,0
165,2,9,2,3,0,2,1,2,1,1,1,3,1,0,3,3,2,3,0,1,3,1,1,1,1,4,0,0
166,2,1,2,3,1,2,1,2,2,2,3,0,3,1,2,2,2,2,0,4,0,2,2,2,3,0,3,1
167,2,2,2,1,1,3,0,2,2,2,3,0,3,1,2,2,2,2,0,4,0,9,2,2,2,0,3,0
168,1,1,2,1,3,1,0,2,2,2,3,0,3,1,2,2,2,2,0,4,0,2,2,1,1,2,2,0
169,2,2,2,3,0,3,1,2,2,2,2,0,4,0,2,2,3,2,0,3,1,2,2,3,1,1,2,1
170,1,1,1,1,4,0,0,2,2,2,1,1,3,0,2,2,2,2,0,4,0,1,2,3,1,2,1,1
171,2,2,2,3,0,3,1,2,2,2,3,0,3,1,1,2,2,2,1,3,0,2,2,2,2,0,4,0
172,2,1,2,1,2,2,0,2,2,2,2,0,4,0,2,2,2,2,0,4,0,1,1,1,1,4,0,0
173,2,2,2,3,0,3,1,2,2,2,2,0,4,0,2,2,2,2,0,4,0,3,2,2,3,0,2,2
174,1,1,2,1,3,1,0,1,1,1,1,4,0,0,3,3,3,3,0,0,4,1,2,3,2,1,2,1
175,2,2,2,3,0,3,1,2,2,2,1,1,3,0,3,2,2,2,0,3,1,1,2,3,3,1,1,2
176,1,2,1,2,2,2,0,1,1,1,1,4,0,0,2,2,2,2,0,4,0,1,2,1,1,3,1,0
177,2,1,2,1,2,2,0,1,1,1,1,4,0,0,1,1,1,1,4,0,0,1,2,2,8,1,2,0
178,2,3,2,3,0,2,2,2,2,2,3,0,3,1,1,1,2,2,2,2,0,2,2,3,3,0,2,2
179,2,2,2,3,0,3,1,1,2,1,1,3,1,0,2,2,2,2,0,4,0,1,2,3,2,1,2,1
180,2,2,2,1,1,3,0,2,2,2,2,0,4,0,2,2,2,2,0,4,0,2,2,3,2,0,3,1
181,3,2,2,3,0,2,2,2,2,2,3,0,3,1,2,2,2,2,0,4,0,1,2,3,1,2,1,1
182,2,3,2,3,0,2,2,2,2,2,3,0,3,1,2,2,1,2,1,3,0,1,1,1,1,4,0,0
183,2,2,2,3,0,3,1,1,1,2,1,3,1,0,2,2,2,2,0,4,0,2,2,3,3,0,2,2
184,2,1,2,3,1,2,1,2,2,3,3,0,2,2,1,1,2,1,3,1,0,1,1,1,1,4,0,0
185,1,1,1,1,4,0,0,3,2,3,3,0,1,3,2,2,1,2,1,3,0,2,2,1,1,2,2,0
186,2,3,2,3,0,2,2,1,2,1,1,3,1,0,1,1,1,1,4,0,0,1,2,3,1,2,1,1
187,2,3,3,3,0,1,3,2,2,2,1,1,3,0,2,2,2,3,0,3,1,1,2,3,1,2,1,1
188,2,1,2,1,2,2,0,2,2,2,1,1,3,0,1,2,2,2,1,3,0,2,2,3,2,0,3,1
189,2,1,2,1,2,2,0,2,1,1,1,3,1,0,2,2,2,2,0,4,0,1,1,1,1,4,0,0
190,2,3,2,3,0,2,2,2,1,1,1,3,1,0,2,3,3,3,0,1,3,1,1,1,1,4,0,0
191,2,2,2,1,1,3,0,2,2,1,1,2,2,0,3,2,2,2,0,3,1,1,2,1,1,3,1,0
192,2,2,2,3,0,3,1,2,2,2,3,0,3,1,2,2,2,2,0,4,0,1,2,3,1,2,1,1
193,1,2,2,3,1,2,1,2,2,2,2,0,4,0,2,2,2,2,0,4,0,1,1,3,2,2,1,1
194,1,1,2,1,3,1,0,2,2,2,3,0,3,1,3,2,3,2,0,2,2,2,2,3,3,0,2,2
195,2,2,2,1,1,3,0,2,2,2,2,0,4,0,2,2,2,2,0,4,0,3,2,3,3,0,1,3
196,2,3,2,3,0,2,2,2,2,2,2,0,4,0,3,3,3,3,0,0,4,2,2,3,3,0,2,2
197,1,1,1,1,4,0,0,2,2,2,3,0,3,1,2,2,9,2,0,3,0,2,2,3,2,0,3,1
198,2,1,2,1,2,2,0,2,2,2,1,1,3,0,2,2,2,2,0,4,0,1,2,2,2,1,3,0
199,2,2,2,3,0,3,1,2,2,2,3,0,3,1,2,2,3,3,0,2,2,1,2,1,1,3,1,0
200,2,2,2,3,0,3,1,2,3,3,3,0,1,3,2,2,2,3,0,3,1,1,2,2,1,2,2,0
201,3,3,3,3,0,0,4,2,2,2,1,1,3,0,2,2,2,2,0,4,0,9,9,1,9,1,0,0
202,2,3,2,3,0,2,2,1,2,1,1,3,1,0,2,2,3,2,0,3,1,1,2,1,1,3,1,0
203,2,2,2,1,1,3,0,2,2,3,3,0,2,2,2,2,2,2,0,4,0,2,2,1,2,1,3,0
204,2,2,2,3,0,3,1,2,1,1,1,3,1,0,2,2,2,2,0,4,0,1,2,3,1,2,1,1
205,2,2,2,3,0,3,1,2,2,2,3,0,3,1,2,2,2,2,0,4,0,1,1,2,1,3,1,0
206,2,3,2,3,0,2,2,2,2,2,3,0,3,1,1,2,1,2,2,2,0,2,2,3,3,0,2,2
207,2,2,2,3,0,3,1,3,2,3,3,0,1,3,2,2,2,2,0,4,0,2,3,3,2,0,2,2
208,2,2,2,3,0,3,1,2,2,2,2,0,4,0,2,2,2,2,0,4,0,9,9,2,9,0,1,0
209,2,2,2,3,0,3,1,2,2,2,3,0,3,1,2,2,2,2,0,4,0,2,2,2,1,1,3,0
210,2,1,2,1,2,2,0,2,2,1,1,2,2,0,2,2,2,3,0,3,1,1,1,1,1,4,0,0
211,2,1,2,3,1,2,1,1,2,2,1,2,2,0,1,1,1,1,4,0,0,2,2,2,2,0,4,0
212,2,2,2,3,0,3,1,2,2,2,2,0,4,0,2,2,2,2,0,4,0,1,2,3,3,1,1,2
213,2,9,2,3,0,2,1,2,2,2,3,0,3,1,1,2,2,1,2,2,0,2,2,3,3,0,2,2
214,2,2,2,1,1,3,0,2,2,2,1,1,3,0,2,2,2,2,0,4,0,1,2,1,1,3,1,0
215,2,1,2,1,2,2,0,2,2,3,3,0,2,2,2,2,2,2,0,4,0,2,2,1,2,1,3,0
216,2,1,2,1,2,2,0,2,2,3,3,0,2,2,1,2,2,2,1,3,0,1,1,1,1,4,0,0
217,1,1,1,1,4,0,0,2,2,2,2,0,4,0,2,2,2,2,0,4,0,1,1,1,1,4,0,0
218,1,1,2,1,3,1,0,2,2,2,3,0,3,1,2,2,2,2,0,4,0,2,2,3,3,0,2,2
219,2,3,2,3,0,2,2,1,1,2,1,3,1,0,2,2,2,2,0,4,0,2,2,1,2,1,3,0
220,2,2,2,3,0,3,1,2,2,2,3,0,3,1,1,2,1,1,3,1,0,2,2,3,1,1,2,1
221,2,9,2,1,1,2,0,2,2,2,2,0,4,0,2,2,3,2,0,3,1,2,2,3,1,1,2,1
222,2,1,2,1,2,2,0,2,2,3,3,0,2,2,2,2,2,2,0,4,0,9,9,2,9,0,1,0
223,2,2,2,2,0,4,0,2,2,2,1,1,3,0,2,2,2,2,0,4,0,2,2,1,2,1,3,0
224,2,1,1,1,3,1,0,2,2,2,3,0,3,1,2,2,2,3,0,3,1,1,1,1,1,4,0,0
225,2,1,2,3,1,2,1,2,2,2,1,1,3,0,1,2,2,2,1,3,0,2,2,1,1,2,2,0
226,2,2,2,3,0,3,1,2,2,2,2,0,4,0,2,2,2,2,0,4,0,1,2,1,1,3,1,0
227,3,2,2,3,0,2,2,2,1,1,1,3,1,0,2,2,3,3,0,2,2,2,2,3,3,0,2,2
228,2,2,2,2,0,4,0,1,2,1,1,3,1,0,2,3,2,3,0,2,2,2,2,1,1,2,2,0
229,2,2,2,3,0,3,1,2,2,2,3,0,3,1,2,2,2,3,0,3,1,2,2,3,3,0,2,2
230,2,1,2,1,2,2,0,3,2,3,3,0,1,3,2,2,3,2,0,3,1,2,2,3,1,1,2,1
231,1,9,2,1,2,1,0,2,2,2,1,1,3,0,9,2,2,2,0,3,0,1,2,1,1,3,1,0
232,2,2,2,2,0,4,0,2,1,2,1,2,2,0,2,2,2,2,0,4,0,1,1,1,1,4,0,0
233,2,3,3,2,0,2,2,2,2,2,2,0,4,0,3,2,2,2,0,3,1,2,2,3,3,0,2,2
234,3,3,3,3,0,0,4,2,1,1,1,3,1,0,2,2,2,3,0,3,1,2,2,3,1,1,2,1
235,2,3,3,3,0,1,3,2,1,2,1,2,2,0,2,2,2,1,1,3,0,1,1,1,1,4,0,0
236,2,2,3,3,0,2,2,2,2,2,1,1,3,0,2,2,2,2,0,4,0,3,2,3,3,0,1,3
237,2,2,2,3,0,3,1,1,2,1,1,3,1,0,2,2,2,2,0,4,0,3,2,3,3,0,1,3
238,2,2,2,1,1,3,0,3,3,3,3,0,0,4,2,2,2,2,0,4,0,3,2,3,3,0,1,3
239,2,1,2,3,1,2,1,2,2,2,2,0,4,0,1,2,1,2,2,2,0,3,2,3,3,0,1,3
240,2,3,2,3,0,2,2,2,1,1,1,3,1,0,2,2,2,2,0,4,0,9,9,2,9,0,1,0
241,2,3,2,3,0,2,2,2,1,2,1,2,2,0,1,1,1,1,4,0,0,1,1,1,1,4,0,0
242,2,2,2,3,0,3,1,2,2,2,1,1,3,0,2,3,2,2,0,3,1,2,2,3,2,0,3,1
243,2,3,2,3,0,2,2,1,2,1,1,3,1,0,2,1,1,1,3,1,0,1,2,1,1,3,1,0
244,1,1,2,3,2,1,1,2,2,3,3,0,2,2,2,2,2,2,0,4,0,9,2,1,1,2,1,0
245,3,2,3,3,0,1,3,3,2,3,3,0,1,3,2,3,2,3,0,2,2,2,2,3,2,0,3,1
246,1,1,1,1,4,0,0,2,2,3,3,0,2,2,2,2,2,2,0,4,0,2,2,3,3,0,2,2
247,2,3,2,3,0,2,2,2,2,2,2,0,4,0,2,2,2,2,0,4,0,2,2,2,2,0,4,0
248,2,2,2,2,0,4,0,2,2,2,1,1,3,0,2,2,2,2,0,4,0,2,2,3,1,1,2,1
249,2,2,2,1,1,3,0,1,2,1,1,3,1,0,2,2,2,2,0,4,0,1,2,1,1,3,1,0
250,2,1,2,1,2,2,0,2,2,2,3,0,3,1,2,2,2,2,0,4,0,1,2,1,1,3,1,0
251,2,2,2,3,0,3,1,2,2,2,3,0,3,1,2,2,2,2,0,4,0,3,2,3,3,0,1,3
252,1,1,1,1,4,0,0,2,2,2,2,0,4,0,2,2,2,2,0,4,0,1,1,2,1,3,1,0
253,2,2,2,3,0,3,1,3,3,3,3,0,0,4,2,2,3,3,0,2,2,2,2,3,2,0,3,1
254,2,1,2,3,1,2,1,1,1,1,1,4,0,0,1,2,1,2,2,2,0,1,2,1,2,2,2,0
255,2,2,2,3,0,3,1,3,2,2,1,1,2,1,2,2,2,2,0,4,0,2,2,3,1,1,2,1
256,3,3,2,3,0,1,3,2,2,2,3,0,3,1,2,2,2,2,0,4,0,2,1,1,1,3,1,0
257,3,3,2,3,0,1,3,2,2,1,1,2,2,0,1,1,2,1,3,1,0,1,1,1,1,4,0,0
258,2,1,1,1,3,1,0,1,1,1,1,4,0,0,2,2,2,3,0,3,1,3,2,3,3,0,1,3
259,2,2,2,2,0,4,0,2,2,2,3,0,3,1,2,2,2,2,0,4,0,1,2,1,1,3,1,0
260,2,2,2,3,0,3,1,2,2,2,3,0,3,1,2,2,2,2,0,4,0,3,2,2,3,0,2,2
261,1,1,1,3,3,0,1,2,2,2,3,0,3,1,1,1,1,2,3,1,0,2,2,3,2,0,3,1
262,2,2,1,2,1,3,0,2,2,2,3,0,3,1,2,2,2,2,0,4,0,1,1,1,1,4,0,0
263,2,1,2,2,1,3,0,2,2,3,3,0,2,2,2,2,2,2,0,4,0,1,2,1,1,3,1,0
264,2,2,2,1,1,3,0,1,2,2,1,2,2,0,2,2,2,2,0,4,0,2,2,3,2,0,3,1
265,2,2,2,3,0,3,1,3,2,2,3,0,2,2,1,2,2,2,1,3,0,2,2,2,2,0,4,0
266,2,2,2,3,0,3,1,1,2,1,1,3,1,0,2,2,2,2,0,4,0,1,1,1,1,4,0,0
267,2,3,2,3,0,2,2,2,2,2,2,0,4,0,2,2,2,2,0,4,0,1,2,1,1,3,1,0
268,2,2,2,3,0,3,1,2,2,2,3,0,3,1,1,2,2,2,1,3,0,1,2,1,1,3,1,0
269,1,2,2,1,2,2,0,2,1,2,1,2,2,0,2,2,2,2,0,4,0,3,2,3,3,0,1,3
270,2,1,2,1,2,2,0,2,2,2,1,1,3,0,1,2,2,2,1,3,0,1,2,3,1,2,1,1
271,2,2,2,2,0,4,0,2,1,2,1,2,2,0,2,2,2,2,0,4,0,1,2,3,1,2,1,1
272,2,1,2,1,2,2,0,3,2,3,3,0,1,3,2,2,3,2,0,3,1,1,1,2,1,3,1,0
273,1,1,1,1,4,0,0,2,2,2,2,0,4,0,2,2,3,3,0,2,2,1,2,1,1,3,1,0
274,3,3,2,3,0,1,3,1,2,1,1,3,1,0,2,2,2,2,0,4,0,1,2,2,1,2,2,0
275,2,2,2,3,0,3,1,1,1,1,1,4,0,0,1,2,2,2,1,3,0,1,2,3,1,2,1,1
276,2,2,2,3,0,3,1,2,2,2,2,0,4,0,1,2,2,2,1,3,0,1,2,1,1,3,1,0
277,2,1,2,1,2,2,0,2,1,1,1,3,1,0,2,2,2,2,0,4,0,1,2,1,1,3,1,0
278,2,2,2,3,0,3,1,3,1,2,1,2,1,1,2,2,2,3,0,3,1,1,1,1,1,4,0,0
279,1,1,1,3,3,0,1,2,2,1,1,2,2,0,2,2,2,2,0,4,0,2,2,2,2,0,4,0
280,3,3,3,3,0,0,4,1,1,1,1,4,0,0,2,2,2,3,0,3,1,2,2,3,3,0,2,2
281,2,1,2,3,1,2,1,2,2,2,2,0,4,0,2,2,2,2,0,4,0,2,2,3,1,1,2,1
282,1,1,1,1,4,0,0,2,2,2,2,0,4,0,2,2,2,1,1,3,0,3,3,1,3,1,0,3
283,2,2,2,3,0,3,1,1,2,2,1,2,2,0,1,2,1,1,3,1,0,2,2,2,1,1,3,0
284,2,2,2,2,0,4,0,2,2,2,3,0,3,1,2,2,2,2,0,4,0,3,2,3,3,0,1,3
285,2,2,2,1,1,3,0,1,2,1,1,3,1,0,2,2,2,2,0,4,0,1,2,1,1,3,1,0
286,3,2,2,2,0,3,1,2,2,2,2,0,4,0,2,2,2,2,0,4,0,1,2,3,1,2,1,1
287,2,2,2,2,0,4,0,1,1,1,1,4,0,0,3,2,8,3,0,1,2,1,2,1,1,3,1,0
288,2,2,2,3,0,3,1,2,2,2,3,0,3,1,2,2,2,3,0,3,1,2,1,1,1,3,1,0
289,2,2,2,3,0,3,1,2,2,2,2,0,4,0,1,1,1,1,4,0,0,2,2,1,1,2,2,0
290,2,1,2,3,1,2,1,2,2,2,1,1,3,0,2,2,2,2,0,4,0,1,2,3,1,2,1,1
291,1,1,2,1,3,1,0,3,2,3,3,0,1,3,2,2,2,3,0,3,1,2,2,2,1,1,3,0
292,2,2,2,3,0,3,1,3,2,3,2,0,2,2,2,2,2,3,0,3,1,2,2,3,2,0,3,1
293,2,2,2,3,0,3,1,2,2,2,3,0,3,1,2,2,2,2,0,4,0,1,2,2,1,2,2,0
294,2,2,2,3,0,3,1,2,2,2,3,0,3,1,2,2,2,2,0,4,0,1,1,1,1,4,0,0
295,2,2,2,3,0,3,1,1,2,1,1,3,1,0,3,3,3,3,0,0,4,3,2,3,3,0,1,3
296,1,2,2,1,2,2,0,2,2,2,3,0,3,1,2,3,3,3,0,1,3,1,2,1,1,3,1,0
297,1,1,1,3,3,0,1,2,2,1,1,2,2,0,2,2,2,2,0,4,0,1,1,1,1,4,0,0
298,2,1,2,3,1,2,1,2,2,2,2,0,4,0,2,2,2,2,0,4,0,1,2,1,2,2,2,0
299,1,1,1,1,4,0,0,1,1,1,1,4,0,0,1,1,1,1,4,0,0,2,2,3,3,0,2,2
300,2,1,2,1,2,2,0,2,2,2,1,1,3,0,2,2,3,3,0,2,2,2,2,3,2,0,3,1
301,1,1,1,1,4,0,0,2,2,2,2,0,4,0,2,2,2,2,0,4,0,1,2,3,2,1,2,1
302,2,2,2,3,0,3,1,1,1,1,1,4,0,0,2,2,2,2,0,4,0,2,2,2,3,0,3,1
303,2,2,2,2,0,4,0,2,2,2,3,0,3,1,2,2,2,2,0,4,0,1,2,1,1,3,1,0
304,3,3,2,3,0,1,3,2,2,2,2,0,4,0,2,2,2,3,0,3,1,1,2,1,1,3,1,0
305,2,9,1,1,2,1,0,2,2,2,1,1,3,0,2,2,2,2,0,4,0,9,9,2,9,0,1,0
306,2,3,2,3,0,2,2,2,2,1,1,2,2,0,3,2,2,3,0,2,2,1,2,3,1,2,1,1
307,2,2,2,3,0,3,1,2,2,3,3,0,2,2,2,2,2,2,0,4,0,3,2,3,3,0,1,3
308,2,2,2,1,1,3,0,2,2,3,3,0,2,2,3,2,3,3,0,1,3,1,2,3,1,2,1,1
309,2,2,2,2,0,4,0,2,2,3,3,0,2,2,2,2,2,2,0,4,0,1,2,1,1,3,1,0
310,1,1,1,1,4,0,0,1,1,1,1,4,0,0,2,2,2,2,0,4,0,3,2,3,3,0,1,3
311,2,1,1,1,3,1,0,2,2,2,1,1,3,0,2,2,2,2,0,4,0,1,2,1,1,3,1,0
312,2,2,2,3,0,3,1,3,2,3,3,0,1,3,2,2,2,1,1,3,0,1,1,1,1,4,0,0
313,2,2,2,3,0,3,1,2,2,2,3,0,3,1,2,2,2,2,0,4,0,1,2,3,3,1,1,2
314,2,2,2,1,1,3,0,1,1,1,1,4,0,0,3,2,2,3,0,2,2,2,1,2,1,2,2,0
315,1,1,1,1,4,0,0,2,2,2,3,0,3,1,2,2,2,2,0,4,0,2,2,3,3,0,2,2
316,1,1,1,1,4,0,0,2,2,2,3,0,3,1,2,2,2,2,0,4,0,1,1,1,1,4,0,0
317,2,2,2,2,0,4,0,1,1,1,1,4,0,0,2,2,2,2,0,4,0,1,1,1,1,4,0,0
318,2,2,2,2,0,4,0,1,1,1,1,4,0,0,1,1,1,1,4,0,0,1,2,1,3,2,1,1
319,2,2,2,1,1,3,0,2,2,2,2,0,4,0,2,2,2,3,0,3,1,2,2,3,3,0,2,2
320,2,2,2,2,0,4,0,2,2,2,3,0,3,1,2,2,3,2,0,3,1,2,2,2,1,1,3,0
321,3,2,2,3,0,2,2,2,2,2,2,0,4,0,2,2,2,2,0,4,0,2,2,1,1,2,2,0
322,9,9,2,3,0,1,1,1,2,1,1,3,1,0,2,1,2,1,2,2,0,9,2,3,2,0,2,1
323,2,2,2,3,0,3,1,2,2,3,3,0,2,2,2,2,3,3,0,2,2,3,2,3,3,0,1,3
324,2,3,2,3,0,2,2,2,2,2,2,0,4,0,2,2,2,2,0,4,0,3,2,3,3,0,1,3
325,2,2,2,3,0,3,1,2,2,3,3,0,2,2,2,2,2,3,0,3,1,3,2,3,3,0,1,3
326,2,2,2,3,0,3,1,2,2,2,2,0,4,0,2,2,2,2,0,4,0,2,2,3,3,0,2,2
327,2,2,2,3,0,3,1,2,2,2,3,0,3,1,2,2,2,2,0,4,0,1,2,1,1,3,1,0
328,9,9,9,1,1,0,0,2,2,2,1,1,3,0,2,2,2,2,0,4,0,2,2,3,3,0,2,2
329,2,2,2,3,0,3,1,2,2,2,1,1,3,0,3,3,3,3,0,0,4,1,2,3,1,2,1,1
330,2,2,2,3,0,3,1,1,2,2,1,2,2,0,1,2,2,2,1,3,0,2,2,3,2,0,3,1
331,2,3,2,3,0,2,2,2,2,3,3,0,2,2,2,2,2,2,0,4,0,3,2,3,2,0,2,2
332,2,2,2,3,0,3,1,2,2,3,3,0,2,2,2,2,2,3,0,3,1,2,3,3,3,0,1,3
333,2,2,3,3,0,2,2,2,1,1,1,3,1,0,3,2,3,3,0,1,3,1,2,3,3,1,1,2
334,3,3,2,3,0,1,3,1,1,1,1,4,0,0,2,2,2,2,0,4,0,3,2,3,3,0,1,3
335,1,1,2,1,3,1,0,3,3,3,3,0,0,4,2,2,3,2,0,3,1,1,2,3,1,2,1,1
336,1,1,2,1,3,1,0,2,2,3,3,0,2,2,2,2,2,2,0,4,0,1,2,3,1,2,1,1
337,2,3,3,3,0,1,3,2,2,2,2,0,4,0,2,2,2,2,0,4,0,1,2,3,3,1,1,2
338,2,2,2,1,1,3,0,2,2,1,3,1,2,1,1,1,1,1,4,0,0,1,2,3,3,1,1,2
339,2,3,2,3,0,2,2,2,2,2,2,0,4,0,2,2,2,2,0,4,0,1,2,3,1,2,1,1
340,2,1,2,1,2,2,0,2,2,3,3,0,2,2,2,2,2,2,0,4,0,1,1,1,1,4,0,0
341,2,2,2,3,0,3,1,1,1,1,1,4,0,0,2,2,1,2,1,3,0,2,2,2,1,1,3,0
342,2,1,2,1,2,2,0,2,2,1,1,2,2,0,2,2,3,3,0,2,2,2,2,2,1,1,3,0
343,1,1,2,1,3,1,0,2,2,3,3,0,2,2,2,2,2,2,0,4,0,9,9,2,9,0,1,0
344,2,1,2,1,2,2,0,2,2,2,3,0,3,1,2,2,3,2,0,3,1,1,2,1,1,3,1,0
345,2,2,2,3,0,3,1,2,2,2,2,0,4,0,2,2,2,2,0,4,0,1,2,2,1,2,2,0
346,2,9,2,2,0,3,0,2,1,2,1,2,2,0,2,2,2,3,0,3,1,1,2,1,1,3,1,0
347,2,2,2,1,1,3,0,2,2,2,3,0,3,1,2,3,3,3,0,1,3,1,2,1,1,3,1,0
348,2,2,2,1,1,3,0,2,2,2,1,1,3,0,2,2,2,2,0,4,0,2,2,3,3,0,2,2
349,1,1,1,1,4,0,0,2,2,2,3,0,3,1,1,1,1,1,4,0,0,2,2,2,3,0,3,1
350,2,2,2,3,0,3,1,2,2,2,1,1,3,0,2,2,2,2,0,4,0,1,2,1,1,3,1,0
351,2,9,2,3,0,2,1,2,2,2,3,0,3,1,1,2,2,1,2,2,0,9,9,2,9,0,1,0
352,2,2,2,2,0,4,0,1,1,3,1,3,0,1,2,2,2,2,0,4,0,1,2,2,2,1,3,0
353,2,2,2,3,0,3,1,1,1,1,1,4,0,0,2,2,2,3,0,3,1,2,2,2,2,0,4,0
354,2,2,2,3,0,3,1,2,2,2,3,0,3,1,1,1,1,1,4,0,0,1,2,3,1,2,1,1
355,3,2,2,3,0,2,2,3,2,2,3,0,2,2,2,2,2,2,0,4,0,1,1,1,1,4,0,0
356,2,2,1,2,1,3,0,2,3,2,3,0,2,2,2,2,2,2,0,4,0,1,1,1,1,4,0,0
357,2,2,2,3,0,3,1,3,2,2,3,0,2,2,1,2,1,1,3,1,0,1,1,1,1,4,0,0
358,2,2,2,3,0,3,1,2,2,2,2,0,4,0,2,2,2,3,0,3,1,3,2,3,3,0,1,3
359,2,2,2,2,0,4,0,2,2,1,3,1,2,1,2,2,2,2,0,4,0,2,2,3,2,0,3,1
360,1,2,2,3,1,2,1,2,2,2,3,0,3,1,1,1,1,1,4,0,0,2,2,3,2,0,3,1
361,2,2,2,2,0,4,0,2,2,2,2,0,4,0,2,3,3,3,0,1,3,1,2,1,1,3,1,0
362,2,2,2,3,0,3,1,1,1,1,1,4,0,0,2,2,2,2,0,4,0,2,2,3,3,0,2,2
363,2,2,2,1,1,3,0,3,2,2,3,0,2,2,2,2,2,2,0,4,0,2,2,1,1,2,2,0
364,2,1,2,1,2,2,0,2,2,2,2,0,4,0,2,2,2,2,0,4,0,2,2,2,1,1,3,0
365,8,2,2,2,0,3,0,1,2,1,1,3,1,0,2,2,2,2,0,4,0,1,2,2,1,2,2,0
366,2,2,2,3,0,3,1,2,2,2,1,1,3,0,2,2,2,1,1,3,0,2,2,2,1,1,3,0
367,2,1,2,1,2,2,0,2,2,2,2,0,4,0,2,2,2,3,0,3,1,1,1,2,3,2,1,1
368,2,2,2,3,0,3,1,2,2,2,1,1,3,0,2,2,2,2,0,4,0,3,2,3,3,0,1,3
369,1,1,1,1,4,0,0,2,1,2,1,2,2,0,1,2,1,1,3,1,0,1,2,2,3,1,2,1
370,2,2,2,3,0,3,1,2,2,2,2,0,4,0,2,2,2,2,0,4,0,1,2,1,1,3,1,0
371,2,2,2,3,0,3,1,1,1,1,1,4,0,0,2,3,3,3,0,1,3,2,2,2,1,1,3,0
372,2,3,2,3,0,2,2,2,2,2,1,1,3,0,1,2,1,1,3,1,0,1,2,3,2,1,2,1
373,2,3,2,3,0,2,2,1,2,2,1,2,2,0,2,2,3,2,0,3,1,2,2,3,3,0,2,2
374,2,1,1,1,3,1,0,2,2,2,3,0,3,1,2,2,2,2,0,4,0,3,3,3,3,0,0,4
375,2,1,2,1,2,2,0,1,1,1,1,4,0,0,3,2,3,3,0,1,3,1,1,1,1,4,0,0
376,2,3,2,3,0,2,2,2,2,2,1,1,3,0,2,2,2,2,0,4,0,1,2,1,1,3,1,0
377,1,1,1,1,4,0,0,2,2,3,3,0,2,2,2,2,2,2,0,4,0,2,2,3,3,0,2,2
378,1,1,1,1,4,0,0,2,2,2,3,0,3,1,2,2,2,2,0,4,0,1,1,1,1,4,0,0
379,2,1,2,1,2,2,0,2,2,2,1,1,3,0,2,2,2,2,0,4,0,2,2,3,3,0,2,2
380,2,3,2,3,0,2,2,2,2,2,3,0,3,1,1,2,2,1,2,2,0,2,2,3,2,0,3,1
381,2,2,2,3,0,3,1,2,2,2,1,1,3,0,2,2,2,3,0,3,1,2,2,3,2,0,3,1
382,2,1,2,1,2,2,0,2,2,2,1,1,3,0,2,2,2,2,0,4,0,1,2,1,1,3,1,0
383,2,2,2,2,0,4,0,2,2,2,2,0,4,0,2,2,2,2,0,4,0,1,2,1,1,3,1,0
384,2,1,2,2,1,3,0,2,2,2,1,1,3,0,2,2,2,2,0,4,0,2,2,2,3,0,3,1
385,3,3,2,3,0,1,3,2,2,2,3,0,3,1,3,2,3,3,0,1,3,2,2,2,2,0,4,0
386,2,2,2,2,0,4,0,2,2,2,2,0,4,0,2,2,2,2,0,4,0,1,2,3,2,1,2,1
387,2,2,2,2,0,4,0,3,3,3,3,0,0,4,1,2,2,2,1,3,0,2,2,2,2,0,4,0
388,2,2,2,3,0,3,1,2,2,2,1,1,3,0,2,2,3,2,0,3,1,1,2,1,2,2,2,0
389,2,2,2,3,0,3,1,2,2,2,1,1,3,0,2,2,2,2,0,4,0,1,2,1,1,3,1,0
390,2,3,3,3,0,1,3,2,2,2,1,1,3,0,2,2,2,1,1,3,0,1,2,1,1,3,1,0
391,3,3,3,3,0,0,4,1,2,2,1,2,2,0,2,2,3,2,0,3,1,2,2,2,2,0,4,0
392,3,3,3,3,0,0,4,2,2,2,2,0,4,0,2,1,2,1,2,2,0,2,2,1,1,2,2,0
393,2,2,2,3,0,3,1,2,2,2,1,1,3,0,2,2,2,2,0,4,0,2,2,2,2,0,4,0
394,2,2,2,3,0,3,1,1,2,1,1,3,1,0,3,2,3,3,0,1,3,2,2,3,2,0,3,1
395,2,3,2,2,0,3,1,2,2,2,1,1,3,0,2,2,3,3,0,2,2,1,2,2,1,2,2,0
396,1,1,2,2,2,2,0,2,2,2,2,0,4,0,1,2,1,2,2,2,0,1,2,2,2,1,3,0
397,2,2,2,2,0,4,0,1,2,2,1,2,2,0,3,2,3,3,0,1,3,2,2,2,3,0,3,1
398,1,3,1,3,2,0,2,2,2,2,1,1,3,0,2,2,2,2,0,4,0,2,2,2,2,0,4,0
399,2,1,2,1,2,2,0,2,2,1,1,2,2,0,2,2,2,2,0,4,0,1,2,3,1,2,1,1
400,2,2,2,3,0,3,1,2,2,2,2,0,4,0,2,2,2,2,0,4,0,2,2,3,1,1,2,1
401,1,1,1,1,4,0,0,2,1,2,1,2,2,0,1,2,2,2,1,3,0,1,2,1,1,3,1,0
402,2,2,2,2,0,4,0,3,2,3,3,0,1,3,2,2,2,2,0,4,0,2,2,3,2,0,3,1
403,2,1,2,3,1,2,1,3,3,3,3,0,0,4,2,2,2,3,0,3,1,2,2,3,2,0,3,1
404,2,3,2,2,0,3,1,2,2,2,3,0,3,1,2,2,2,2,0,4,0,2,2,2,1,1,3,0
405,2,3,3,3,0,1,3,2,2,3,3,0,2,2,2,2,2,2,0,4,0,2,2,3,3,0,2,2
406,1,1,1,1,4,0,0,2,2,2,3,0,3,1,2,2,2,2,0,4,0,2,2,2,2,0,4,0
407,2,1,2,1,2,2,0,2,2,2,2,0,4,0,2,2,2,2,0,4,0,1,2,2,1,2,2,0
408,2,2,2,3,0,3,1,1,1,1,1,4,0,0,2,2,2,2,0,4,0,1,1,1,1,4,0,0
409,2,2,2,3,0,3,1,2,2,2,2,0,4,0,2,1,1,1,3,1,0,2,3,3,3,0,1,3
410,1,1,1,1,4,0,0,2,2,2,2,0,4,0,2,2,2,2,0,4,0,3,3,3,3,0,0,4
411,2,2,2,1,1,3,0,2,2,2,1,1,3,0,1,2,1,2,2,2,0,2,2,3,2,0,3,1
412,2,1,2,1,2,2,0,2,2,2,1,1,3,0,2,2,2,2,0,4,0,1,2,3,3,1,1,2
413,2,1,2,2,1,3,0,2,2,2,1,1,3,0,2,2,1,1,2,2,0,1,1,1,1,4,0,0
414,2,3,2,2,0,3,1,2,2,2,3,0,3,1,2,2,2,2,0,4,0,2,2,2,2,0,4,0
415,1,1,1,1,4,0,0,1,1,1,1,4,0,0,1,2,1,1,3,1,0,1,1,1,1,4,0,0
416,2,1,2,2,1,3,0,2,2,2,1,1,3,0,1,2,2,2,1,3,0,1,1,1,1,4,0,0
417,2,2,2,1,1,3,0,2,2,1,1,2,2,0,1,2,1,2,2,2,0,1,2,1,1,3,1,0
418,2,1,2,3,1,2,1,2,2,2,2,0,4,0,1,2,2,2,1,3,0,9,9,2,9,0,1,0
419,2,2,2,2,0,4,0,1,2,2,1,2,2,0,2,2,2,2,0,4,0,1,2,2,1,2,2,0
420,2,2,2,1,1,3,0,2,2,2,1,1,3,0,2,2,2,3,0,3,1,2,2,1,1,2,2,0
421,2,3,3,3,0,1,3,2,1,2,1,2,2,0,2,2,2,2,0,4,0,1,2,3,3,1,1,2
422,1,1,1,1,4,0,0,2,2,2,1,1,3,0,2,2,3,3,0,2,2,2,2,3,3,0,2,2
423,2,2,2,2,0,4,0,2,2,3,2,0,3,1,1,1,1,1,4,0,0,1,2,2,1,2,2,0
424,2,1,2,1,2,2,0,1,1,1,1,4,0,0,2,2,2,2,0,4,0,1,2,2,1,2,2,0
425,2,2,2,2,0,4,0,2,2,2,3,0,3,1,2,2,2,2,0,4,0,2,2,1,1,2,2,0
426,2,1,2,3,1,2,1,2,2,2,1,1,3,0,1,2,2,2,1,3,0,1,2,3,1,2,1,1
427,1,2,1,3,2,1,1,2,2,2,3,0,3,1,3,3,3,3,0,0,4,2,2,3,2,0,3,1
428,1,2,1,1,3,1,0,1,2,1,1,3,1,0,2,2,2,2,0,4,0,2,2,3,1,1,2,1
429,2,2,2,2,0,4,0,3,2,3,3,0,1,3,2,2,2,3,0,3,1,2,2,1,1,2,2,0
430,1,2,2,3,1,2,1,2,2,2,2,0,4,0,2,2,2,2,0,4,0,2,2,3,3,0,2,2
431,1,1,1,1,4,0,0,2,1,1,1,3,1,0,2,2,2,2,0,4,0,1,2,1,2,2,2,0
432,2,2,2,3,0,3,1,1,2,2,2,1,3,0,2,2,2,2,0,4,0,1,2,1,1,3,1,0
433,2,3,2,3,0,2,2,3,2,3,3,0,1,3,2,2,2,3,0,3,1,2,2,3,1,1,2,1
434,2,2,2,2,0,4,0,2,2,2,2,0,4,0,1,2,2,2,1,3,0,2,2,2,1,1,3,0
435,2,2,2,3,0,3,1,2,2,2,3,0,3,1,2,2,2,2,0,4,0,2,2,1,1,2,2,0
436,2,3,2,3,0,2,2,2,2,2,2,0,4,0,2,2,2,2,0,4,0,1,2,3,1,2,1,1
437,2,2,2,2,0,4,0,2,1,1,1,3,1,0,2,2,2,2,0,4,0,2,2,2,2,0,4,0
438,1,1,2,1,3,1,0,2,2,2,2,0,4,0,2,2,2,2,0,4,0,1,1,2,1,3,1,0
439,2,2,2,3,0,3,1,1,1,1,1,4,0,0,1,2,1,1,3,1,0,1,2,3,1,2,1,1
440,2,2,2,2,0,4,0,2,2,2,1,1,3,0,1,2,1,1,3,1,0,2,2,3,3,0,2,2
441,2,2,2,1,1,3,0,2,2,3,2,0,3,1,2,2,2,2,0,4,0,1,2,2,2,1,3,0
442,3,3,2,3,0,1,3,2,2,2,3,0,3,1,2,2,2,2,0,4,0,1,2,3,3,1,1,2
443,1,1,1,1,4,0,0,2,2,2,1,1,3,0,2,2,2,2,0,4,0,2,2,3,2,0,3,1
444,2,2,2,2,0,4,0,2,2,2,2,0,4,0,2,2,2,3,0,3,1,2,2,2,1,1,3,0
445,2,2,2,3,0,3,1,2,2,2,1,1,3,0,2,2,2,2,0,4,0,1,2,1,1,3,1,0
446,2,2,2,2,0,4,0,2,2,2,2,0,4,0,2,2,2,2,0,4,0,2,2,3,3,0,2,2
447,2,1,1,1,3,1,0,2,2,2,2,0,4,0,2,2,2,2,0,4,0,1,1,1,1,4,0,0
448,2,2,2,2,0,4,0,1,1,1,1,4,0,0,1,2,2,2,1,3,0,2,2,3,1,1,2,1
449,2,1,2,1,2,2,0,2,2,2,1,1,3,0,2,2,2,3,0,3,1,2,2,3,3,0,2,2
450,2,2,2,3,0,3,1,2,2,3,3,0,2,2,2,2,3,3,0,2,2,2,2,2,1,1,3,0
451,3,2,2,2,0,3,1,2,2,2,1,1,3,0,2,2,3,2,0,3,1,2,2,3,3,0,2,2
452,2,3,2,3,0,2,2,2,2,2,2,0,4,0,2,2,2,2,0,4,0,2,2,2,2,0,4,0
453,2,3,2,2,0,3,1,2,2,3,3,0,2,2,2,2,2,2,0,4,0,1,1,1,1,4,0,0
454,2,2,1,1,2,2,0,2,2,2,2,0,4,0,3,2,3,3,0,1,3,1,1,1,1,4,0,0
455,1,1,2,2,2,2,0,2,2,2,3,0,3,1,2,2,2,2,0,4,0,1,2,1,1,3,1,0
456,2,2,2,3,0,3,1,2,2,2,1,1,3,0,2,2,2,2,0,4,0,2,2,3,2,0,3,1
457,1,1,2,1,3,1,0,2,1,2,1,2,2,0,2,2,3,3,0,2,2,1,2,1,1,3,1,0
458,3,3,2,3,0,1,3,2,2,2,2,0,4,0,2,2,2,2,0,4,0,2,2,2,2,0,4,0
459,2,3,2,3,0,2,2,2,2,2,2,0,4,0,2,2,2,2,0,4,0,2,2,2,3,0,3,1
460,2,2,1,1,2,2,0,2,2,2,3,0,3,1,2,2,2,2,0,4,0,2,2,3,2,0,3,1
461,3,3,3,3,0,0,4,2,2,2,3,0,3,1,2,2,2,2,0,4,0,1,2,1,1,3,1,0
462,2,1,2,2,1,3,0,2,2,2,3,0,3,1,2,2,2,2,0,4,0,1,2,1,1,3,1,0
463,2,1,2,1,2,2,0,2,2,2,1,1,3,0,3,2,3,3,0,1,3,2,2,2,3,0,3,1
464,2,1,2,1,2,2,0,2,2,2,1,1,3,0,1,1,1,1,4,0,0,1,2,3,1,2,1,1
465,2,2,2,3,0,3,1,2,1,1,1,3,1,0,2,2,2,2,0,4,0,1,2,3,1,2,1,1
466,1,1,2,1,3,1,0,2,2,2,1,1,3,0,1,1,1,1,4,0,0,2,2,3,3,0,2,2
467,2,1,2,2,1,3,0,2,1,1,1,3,1,0,1,1,1,1,4,0,0,2,2,3,3,0,2,2
468,1,1,1,3,3,0,1,2,3,3,3,0,1,3,1,1,1,1,4,0,0,1,2,3,3,1,1,2
469,2,1,2,3,1,2,1,2,2,2,1,1,3,0,2,2,2,2,0,4,0,1,2,3,1,2,1,1
470,2,2,2,3,0,3,1,2,2,2,3,0,3,1,2,2,2,2,0,4,0,2,2,2,2,0,4,0
471,1,1,1,1,4,0,0,2,2,2,2,0,4,0,2,2,2,2,0,4,0,2,2,3,3,0,2,2
472,3,2,2,2,0,3,1,2,2,2,3,0,3,1,2,2,2,2,0,4,0,1,2,2,1,2,2,0
473,2,2,2,3,0,3,1,2,2,2,2,0,4,0,2,2,2,2,0,4,0,9,9,1,9,1,0,0
474,2,2,2,2,0,4,0,2,2,2,3,0,3,1,2,2,2,2,0,4,0,1,2,3,1,2,1,1
475,2,2,2,2,0,4,0,2,2,2,2,0,4,0,2,3,2,3,0,2,2,1,2,1,1,3,1,0
476,2,2,2,2,0,4,0,2,2,2,1,1,3,0,2,2,3,3,0,2,2,1,2,1,1,3,1,0
477,1,1,1,1,4,0,0,2,2,2,2,0,4,0,2,2,2,3,0,3,1,2,2,1,2,1,3,0
478,3,3,2,3,0,1,3,2,2,9,9,0,2,0,2,2,2,2,0,4,0,2,2,3,3,0,2,2
479,1,1,2,3,2,1,1,2,2,2,1,1,3,0,2,1,1,2,2,2,0,2,2,2,3,0,3,1
480,2,2,2,2,0,4,0,2,2,2,3,0,3,1,2,2,3,3,0,2,2,2,2,3,3,0,2,2
481,1,1,1,1,4,0,0,2,2,2,2,0,4,0,2,2,2,2,0,4,0,2,2,3,3,0,2,2
482,2,2,9,2,0,3,0,2,2,2,1,1,3,0,3,2,3,3,0,1,3,2,2,3,3,0,2,2
483,2,2,1,3,1,2,1,2,2,2,1,1,3,0,2,2,2,2,0,4,0,2,2,3,3,0,2,2
484,2,3,2,3,0,2,2,2,2,3,3,0,2,2,2,2,2,2,0,4,0,1,2,1,1,3,1,0
485,3,2,2,2,0,3,1,3,2,3,3,0,1,3,2,2,2,2,0,4,0,2,2,2,3,0,3,1
486,1,1,1,1,4,0,0,2,2,2,3,0,3,1,2,2,2,2,0,4,0,2,2,1,1,2,2,0
487,1,1,2,1,3,1,0,2,2,2,1,1,3,0,3,2,2,2,0,3,1,9,9,2,9,0,1,0
488,2,2,2,2,0,4,0,2,2,2,1,1,3,0,2,2,2,1,1,3,0,2,2,3,3,0,2,2
489,2,2,2,3,0,3,1,2,2,3,3,0,2,2,2,2,2,2,0,4,0,1,1,1,1,4,0,0
490,2,1,2,3,1,2,1,2,2,3,3,0,2,2,3,3,3,3,0,0,4,1,2,2,1,2,2,0
491,2,2,2,3,0,3,1,2,2,2,1,1,3,0,2,2,1,2,1,3,0,2,2,1,1,2,2,0
492,2,3,2,2,0,3,1,2,2,2,1,1,3,0,2,2,2,2,0,4,0,1,2,3,3,1,1,2
493,1,2,1,3,2,1,1,1,1,1,1,4,0,0,2,2,2,2,0,4,0,1,2,1,1,3,1,0
494,2,2,2,2,0,4,0,2,2,1,1,2,2,0,2,2,2,2,0,4,0,1,2,2,1,2,2,0
495,2,2,2,3,0,3,1,2,1,2,1,2,2,0,2,2,2,2,0,4,0,1,2,2,3,1,2,1
496,2,1,2,1,2,2,0,2,2,2,3,0,3,1,2,2,2,2,0,4,0,1,2,2,1,2,2,0
497,2,1,2,2,1,3,0,1,2,1,1,3,1,0,2,2,3,3,0,2,2,1,2,2,2,1,3,0
498,2,2,2,3,0,3,1,2,2,2,1,1,3,0,1,2,2,2,1,3,0,1,2,2,1,2,2,0
499,2,2,2,3,0,3,1,2,2,2,3,0,3,1,1,2,2,2,1,3,0,1,2,1,1,3,1,0
500,2,1,2,3,1,2,1,2,2,2,2,0,4,0,1,2,2,1,2,2,0,1,1,1,1,4,0,0
501,1,1,1,1,4,0,0,1,1,1,1,4,0,0,1,2,1,2,2,2,0,2,2,3,3,0,2,2
502,2,3,2,3,0,2,2,1,1,1,1,4,0,0,2,2,1,1,2,2,0,2,2,3,3,0,2,2
503,2,1,1,2,2,2,0,2,2,2,2,0,4,0,2,2,3,3,0,2,2,1,2,1,1,3,1,0
504,2,2,2,2,0,4,0,2,2,2,2,0,4,0,1,1,1,1,4,0,0,1,2,1,1,3,1,0
505,2,2,2,2,0,4,0,2,2,2,3,0,3,1,2,2,2,2,0,4,0,2,2,1,1,2,2,0
506,2,2,2,2,0,4,0,2,2,2,1,1,3,0,2,2,2,2,0,4,0,1,1,1,1,4,0,0
507,2,1,2,2,1,3,0,2,2,2,1,1,3,0,2,2,2,2,0,4,0,1,2,2,1,2,2,0
508,2,2,2,3,0,3,1,2,2,2,2,0,4,0,2,2,3,2,0,3,1,2,2,3,2,0,3,1
509,1,3,2,2,1,2,1,2,1,2,1,2,2,0,2,2,2,2,0,4,0,1,2,2,1,2,2,0
510,2,2,2,2,0,4,0,2,2,3,3,0,2,2,2,2,2,2,0,4,0,1,2,1,1,3,1,0
511,2,2,2,1,1,3,0,2,2,2,1,1,3,0,2,2,2,2,0,4,0,1,2,3,3,1,1,2
512,1,1,1,1,4,0,0,1,1,1,1,4,0,0,2,2,2,2,0,4,0,2,2,3,1,1,2,1
513,2,1,2,1,2,2,0,2,2,2,2,0,4,0,2,2,2,2,0,4,0,2,2,2,1,1,3,0
514,2,2,2,2,0,4,0,2,1,1,1,3,1,0,2,2,2,2,0,4,0,2,2,3,3,0,2,2
515,1,2,2,2,1,3,0,2,2,2,2,0,4,0,2,2,2,2,0,4,0,1,1,1,1,4,0,0
516,2,1,2,2,1,3,0,2,2,2,1,1,3,0,2,2,2,2,0,4,0,2,2,2,2,0,4,0
517,2,1,2,2,1,3,0,2,2,2,2,0,4,0,1,2,1,2,2,2,0,2,2,2,2,0,4,0
518,1,1,1,1,4,0,0,2,2,2,2,0,4,0,2,2,2,2,0,4,0,1,2,2,1,2,2,0
519,3,3,3,1,1,0,3,2,2,2,3,0,3,1,2,2,2,2,0,4,0,1,1,1,1,4,0,0
520,2,2,2,1,1,3,0,2,2,2,3,0,3,1,2,2,2,2,0,4,0,2,2,2,1,1,3,0
521,2,1,2,1,2,2,0,2,2,2,2,0,4,0,2,2,2,2,0,4,0,1,2,2,1,2,2,0
522,3,3,3,3,0,0,4,2,9,9,9,0,1,0,2,2,2,2,0,4,0,1,2,2,1,2,2,0
523,2,3,2,3,0,2,2,1,1,1,1,4,0,0,2,2,2,2,0,4,0,1,1,1,1,4,0,0
524,2,2,2,2,0,4,0,2,2,2,2,0,4,0,2,2,2,2,0,4,0,9,9,9,9,0,0,0
525,2,2,2,2,0,4,0,2,2,2,3,0,3,1,2,2,3,3,0,2,2,3,2,2,1,1,2,1
526,2,2,2,2,0,4,0,2,2,2,2,0,4,0,2,2,2,2,0,4,0,2,2,2,2,0,4,0
527,2,1,2,1,2,2,0,2,2,2,2,0,4,0,1,1,1,1,4,0,0,9,2,2,8,0,2,0
528,2,8,2,1,1,2,0,2,2,2,2,0,4,0,2,2,3,2,0,3,1,1,2,2,2,1,3,0
529,2,2,2,2,0,4,0,2,2,3,3,0,2,2,2,2,2,2,0,4,0,2,2,3,3,0,2,2
530,2,2,2,2,0,4,0,2,2,2,3,0,3,1,2,2,2,2,0,4,0,2,2,2,3,0,3,1
531,1,1,1,1,4,0,0,2,2,2,2,0,4,0,2,2,2,2,0,4,0,2,2,1,2,1,3,0
532,2,2,2,2,0,4,0,2,2,2,2,0,4,0,2,2,2,2,0,4,0,1,2,1,1,3,1,0
533,2,1,2,2,1,3,0,2,2,2,2,0,4,0,2,2,2,2,0,4,0,1,2,2,1,2,2,0
534,2,1,1,1,3,1,0,1,1,1,1,4,0,0,2,2,2,2,0,4,0,1,2,1,1,3,1,0
535,2,2,2,2,0,4,0,2,2,3,3,0,2,2,2,2,2,2,0,4,0,1,1,1,1,4,0,0
536,2,3,3,2,0,2,2,2,2,2,2,0,4,0,2,2,1,2,1,3,0,2,2,2,3,0,3,1
537,2,2,2,3,0,3,1,1,2,2,1,2,2,0,1,1,1,1,4,0,0,2,2,2,2,0,4,0
538,2,2,2,2,0,4,0,2,2,2,2,0,4,0,2,2,2,2,0,4,0,9,9,9,9,0,0,0
539,2,2,2,2,0,4,0,1,2,1,1,3,1,0,2,2,2,2,0,4,0,1,2,2,1,2,2,0
540,2,1,2,2,1,3,0,2,2,3,3,0,2,2,2,2,2,2,0,4,0,1,1,1,1,4,0,0
541,2,2,2,2,0,4,0,2,2,2,1,1,3,0,2,2,2,2,0,4,0,1,2,1,1,3,1,0
542,2,2,2,3,0,3,1,1,1,1,1,4,0,0,2,2,2,2,0,4,0,1,2,1,1,3,1,0
543,2,2,2,2,0,4,0,2,1,2,1,2,2,0,2,2,2,2,0,4,0,1,2,1,1,3,1,0
544,2,3,2,3,0,2,2,2,2,3,2,0,3,1,2,2,2,2,0,4,0,1,2,2,1,2,2,0
545,1,1,1,1,4,0,0,2,2,2,3,0,3,1,1,2,1,2,2,2,0,2,2,2,3,0,3,1
546,1,1,1,1,4,0,0,2,2,2,2,0,4,0,2,2,2,2,0,4,0,1,2,1,1,3,1,0
547,2,1,2,1,2,2,0,2,2,2,8,0,3,0,2,2,2,2,0,4,0,1,2,1,1,3,1,0
548,2,2,2,2,0,4,0,2,2,2,2,0,4,0,2,2,3,3,0,2,2,1,2,1,1,3,1,0
549,2,3,2,2,0,3,1,2,2,1,2,1,3,0,2,2,2,2,0,4,0,2,2,3,2,0,3,1
550,1,1,2,1,3,1,0,2,2,2,2,0,4,0,2,2,2,2,0,4,0,1,2,1,1,3,1,0
551,2,1,2,2,1,3,0,2,2,2,3,0,3,1,3,2,3,3,0,1,3,1,2,1,1,3,1,0
552,2,2,2,3,0,3,1,2,2,3,3,0,2,2,2,2,3,3,0,2,2,2,2,2,3,0,3,1
553,1,1,2,1,3,1,0,2,2,2,2,0,4,0,1,1,1,1,4,0,0,1,2,3,1,2,1,1
554,2,2,2,3,0,3,1,2,2,2,1,1,3,0,2,2,2,2,0,4,0,2,2,2,3,0,3,1
555,2,2,2,3,0,3,1,2,2,2,2,0,4,0,2,2,1,2,1,3,0,1,2,1,1,3,1,0
556,2,2,3,2,0,3,1,2,2,3,3,0,2,2,2,2,2,2,0,4,0,2,2,2,1,1,3,0
557,2,2,2,1,1,3,0,2,2,3,3,0,2,2,2,2,3,2,0,3,1,1,2,1,1,3,1,0
558,2,1,2,3,1,2,1,1,1,1,1,4,0,0,2,2,2,2,0,4,0,1,2,1,1,3,1,0
559,1,1,2,1,3,1,0,1,2,1,1,3,1,0,3,2,3,3,0,1,3,2,2,2,1,1,3,0
560,1,1,1,1,4,0,0,2,1,2,1,2,2,0,2,2,2,2,0,4,0,2,2,2,2,0,4,0
561,2,2,2,2,0,4,0,2,2,3,3,0,2,2,2,2,3,2,0,3,1,2,2,2,2,0,4,0
562,2,3,2,3,0,2,2,2,2,2,1,1,3,0,2,2,1,2,1,3,0,2,2,2,1,1,3,0
563,3,3,3,3,0,0,4,2,2,2,2,0,4,0,1,2,2,1,2,2,0,2,2,3,1,1,2,1
564,2,2,2,2,0,4,0,2,2,2,8,0,3,0,1,1,2,1,3,1,0,2,2,2,1,1,3,0
565,2,2,2,2,0,4,0,2,2,2,1,1,3,0,2,2,3,3,0,2,2,1,2,2,1,2,2,0
566,2,2,2,2,0,4,0,2,2,2,1,1,3,0,2,2,2,3,0,3,1,1,2,2,1,2,2,0
567,2,2,2,2,0,4,0,2,2,2,3,0,3,1,1,2,1,2,2,2,0,1,1,1,1,4,0,0
568,1,1,1,1,4,0,0,2,2,2,2,0,4,0,2,9,2,2,0,3,0,1,1,1,1,4,0,0
569,2,1,2,1,2,2,0,1,1,1,1,4,0,0,2,2,2,2,0,4,0,2,2,2,1,1,3,0
570,2,2,2,2,0,4,0,2,2,3,3,0,2,2,2,2,2,3,0,3,1,1,2,2,1,2,2,0
571,2,3,2,3,0,2,2,2,2,2,1,1,3,0,2,2,3,3,0,2,2,1,2,1,1,3,1,0
572,2,3,2,2,0,3,1,1,1,1,1,4,0,0,2,2,2,3,0,3,1,1,2,2,1,2,2,0
573,2,2,2,1,1,3,0,2,2,2,1,1,3,0,2,2,2,2,0,4,0,2,2,2,2,0,4,0
574,2,2,2,2,0,4,0,2,2,2,1,1,3,0,2,2,2,2,0,4,0,2,2,3,1,1,2,1
575,2,3,2,3,0,2,2,2,2,2,2,0,4,0,2,2,2,3,0,3,1,1,2,2,1,2,2,0
576,2,2,2,1,1,3,0,2,2,3,3,0,2,2,1,2,2,2,1,3,0,2,2,2,2,0,4,0
577,2,1,1,1,3,1,0,2,2,2,3,0,3,1,2,2,2,3,0,3,1,2,2,2,2,0,4,0
578,1,2,2,1,2,2,0,2,2,2,2,0,4,0,2,1,2,2,1,3,0,1,2,3,1,2,1,1
579,2,2,2,3,0,3,1,2,2,3,3,0,2,2,2,2,3,2,0,3,1,1,2,1,1,3,1,0
580,2,2,2,1,1,3,0,2,2,2,3,0,3,1,2,2,2,2,0,4,0,1,2,1,1,3,1,0
581,2,1,2,1,2,2,0,2,1,2,1,2,2,0,2,2,2,3,0,3,1,9,2,3,9,0,1,1
582,2,1,2,2,1,3,0,2,1,1,1,3,1,0,1,2,2,2,1,3,0,1,2,2,1,2,2,0
583,2,2,2,3,0,3,1,2,2,3,3,0,2,2,1,2,9,1,2,1,0,1,2,3,1,2,1,1
584,2,2,2,2,0,4,0,2,2,3,3,0,2,2,1,1,1,2,3,1,0,1,2,2,1,2,2,0
585,2,3,2,2,0,3,1,2,2,2,3,0,3,1,2,2,2,2,0,4,0,1,1,1,1,4,0,0
586,2,2,2,2,0,4,0,2,2,2,3,0,3,1,1,2,2,2,1,3,0,1,2,2,2,1,3,0
587,2,2,2,2,0,4,0,2,2,2,8,0,3,0,1,2,2,2,1,3,0,2,2,2,2,0,4,0
588,2,2,2,3,0,3,1,2,2,2,1,1,3,0,2,2,2,2,0,4,0,1,2,2,1,2,2,0
589,1,1,2,1,3,1,0,2,2,2,3,0,3,1,2,2,2,2,0,4,0,2,2,3,2,0,3,1
590,2,2,2,3,0,3,1,2,2,2,3,0,3,1,1,1,1,1,4,0,0,2,2,3,3,0,2,2
591,2,2,2,2,0,4,0,1,1,1,1,4,0,0,2,2,2,2,0,4,0,1,1,1,1,4,0,0
592,2,2,2,2,0,4,0,2,2,2,3,0,3,1,2,2,2,2,0,4,0,2,2,2,1,1,3,0
593,1,1,1,1,4,0,0,2,2,2,2,0,4,0,2,2,2,2,0,4,0,1,2,2,1,2,2,0
594,2,1,2,2,1,3,0,2,2,2,1,1,3,0,2,2,2,3,0,3,1,9,9,9,9,0,0,0
595,2,2,2,3,0,3,1,2,2,2,3,0,3,1,1,1,1,1,4,0,0,1,2,2,1,2,2,0
596,2,2,2,2,0,4,0,2,2,1,1,2,2,0,2,2,2,2,0,4,0,1,1,1,1,4,0,0
597,3,2,2,2,0,3,1,2,2,2,3,0,3,1,2,2,1,1,2,2,0,1,1,1,1,4,0,0
598,2,1,2,1,2,2,0,2,2,2,2,0,4,0,1,2,2,1,2,2,0,1,2,1,1,3,1,0
599,2,3,2,3,0,2,2,2,2,2,2,0,4,0,2,2,3,3,0,2,2,2,2,2,2,0,4,0
600,2,1,1,1,3,1,0,2,2,2,3,0,3,1,1,2,1,1,3,1,0,2,2,2,2,0,4,0
601,2,2,2,1,1,3,0,2,2,2,3,0,3,1,2,2,2,3,0,3,1,9,2,9,9,0,1,0
602,2,2,2,2,0,4,0,2,2,2,2,0,4,0,2,2,1,2,1,3,0,2,2,3,1,1,2,1
603,2,1,2,2,1,3,0,2,2,2,3,0,3,1,1,2,2,2,1,3,0,2,2,3,2,0,3,1
604,2,2,2,3,0,3,1,2,1,2,8,1,2,0,2,2,2,3,0,3,1,1,2,2,1,2,2,0
605,2,2,2,3,0,3,1,2,1,2,1,2,2,0,2,2,2,2,0,4,0,1,2,2,1,2,2,0
606,2,1,2,1,2,2,0,2,2,2,3,0,3,1,2,2,2,2,0,4,0,2,2,3,1,1,2,1
607,1,2,1,1,3,1,0,2,2,2,3,0,3,1,2,2,2,2,0,4,0,2,1,1,1,3,1,0
608,2,2,2,2,0,4,0,2,2,3,3,0,2,2,2,2,2,2,0,4,0,1,2,1,1,3,1,0
609,2,2,2,2,0,4,0,2,2,2,3,0,3,1,2,1,2,2,1,3,0,1,2,1,1,3,1,0
610,2,2,2,2,0,4,0,1,1,1,1,4,0,0,2,2,2,2,0,4,0,1,1,1,1,4,0,0
611,1,1,1,1,4,0,0,2,2,2,3,0,3,1,1,2,2,2,1,3,0,1,1,2,1,3,1,0
612,2,2,2,2,0,4,0,2,2,2,2,0,4,0,2,2,2,2,0,4,0,1,2,3,1,2,1,1
613,2,2,2,2,0,4,0,2,2,2,1,1,3,0,2,2,2,2,0,4,0,1,2,1,1,3,1,0
614,2,1,1,1,3,1,0,2,2,2,3,0,3,1,3,2,2,3,0,2,2,1,1,1,1,4,0,0
615,2,2,2,2,0,4,0,2,2,2,2,0,4,0,2,2,3,3,0,2,2,1,2,2,1,2,2,0
616,1,1,1,1,4,0,0,2,2,2,3,0,3,1,1,1,1,1,4,0,0,1,2,1,1,3,1,0
617,2,2,2,3,0,3,1,2,2,2,3,0,3,1,2,2,3,2,0,3,1,2,2,2,2,0,4,0
618,2,2,2,1,1,3,0,2,2,2,1,1,3,0,2,2,2,2,0,4,0,2,2,3,1,1,2,1
619,3,3,3,3,0,0,4,2,2,2,3,0,3,1,2,2,2,3,0,3,1,2,2,2,2,0,4,0
620,2,3,2,3,0,2,2,2,2,2,3,0,3,1,1,2,2,2,1,3,0,2,2,2,3,0,3,1
621,2,2,2,2,0,4,0,1,1,1,1,4,0,0,2,1,2,2,1,3,0,1,2,1,1,3,1,0
622,2,2,2,2,0,4,0,1,2,1,1,3,1,0,2,2,2,2,0,4,0,2,2,2,2,0,4,0
623,2,1,1,1,3,1,0,2,1,1,1,3,1,0,2,2,2,2,0,4,0,1,2,2,1,2,2,0
624,2,2,2,2,0,4,0,1,1,1,1,4,0,0,2,2,2,2,0,4,0,1,1,1,1,4,0,0
625,1,1,1,1,4,0,0,2,2,2,1,1,3,0,2,2,2,2,0,4,0,1,2,1,1,3,1,0
626,2,2,2,2,0,4,0,2,2,2,1,1,3,0,2,2,2,3,0,3,1,1,2,1,1,3,1,0
627,3,3,3,2,0,1,3,2,2,2,1,1,3,0,2,2,2,2,0,4,0,1,2,1,1,3,1,0
628,2,2,2,2,0,4,0,2,2,2,2,0,4,0,1,2,2,2,1,3,0,1,2,1,2,2,2,0
629,2,2,3,1,1,2,1,2,2,1,1,2,2,0,2,2,2,2,0,4,0,9,9,9,9,0,0,0
630,2,2,2,1,1,3,0,2,2,2,1,1,3,0,2,2,2,2,0,4,0,1,2,1,1,3,1,0
631,2,2,2,2,0,4,0,2,2,2,1,1,3,0,2,2,2,2,0,4,0,2,2,3,1,1,2,1
632,2,2,2,3,0,3,1,2,2,2,1,1,3,0,2,2,3,3,0,2,2,1,2,3,1,2,1,1
633,2,2,2,3,0,3,1,2,2,2,1,1,3,0,2,2,2,2,0,4,0,1,2,1,1,3,1,0
634,2,2,2,1,1,3,0,2,9,9,9,0,1,0,2,2,3,2,0,3,1,1,1,1,1,4,0,0
635,2,3,2,3,0,2,2,2,2,2,1,1,3,0,1,2,2,2,1,3,0,2,2,3,1,1,2,1
636,1,2,2,3,1,2,1,2,2,2,1,1,3,0,2,2,2,2,0,4,0,1,2,1,1,3,1,0
637,2,2,2,3,0,3,1,2,2,2,2,0,4,0,2,2,2,2,0,4,0,2,2,2,3,0,3,1
638,1,1,1,1,4,0,0,2,2,2,3,0,3,1,2,2,2,2,0,4,0,1,2,1,1,3,1,0
639,2,2,2,2,0,4,0,2,2,2,2,0,4,0,2,2,2,2,0,4,0,2,2,2,2,0,4,0
640,1,1,1,1,4,0,0,2,9,2,9,0,2,0,2,2,2,2,0,4,0,1,2,1,1,3,1,0
641,1,1,1,1,4,0,0,2,2,2,3,0,3,1,2,2,2,2,0,4,0,1,1,1,1,4,0,0
642,2,1,2,1,2,2,0,2,2,2,1,1,3,0,2,2,3,2,0,3,1,1,2,1,1,3,1,0
643,1,2,2,1,2,2,0,2,2,2,2,0,4,0,2,2,2,2,0,4,0,1,2,1,2,2,2,0
644,2,2,2,2,0,4,0,2,2,2,3,0,3,1,2,2,2,2,0,4,0,1,2,2,1,2,2,0
645,2,2,2,2,0,4,0,2,2,2,2,0,4,0,2,2,2,2,0,4,0,2,2,2,2,0,4,0
646,2,2,2,1,1,3,0,2,2,2,1,1,3,0,2,2,2,2,0,4,0,1,2,1,1,3,1,0
647,2,3,2,3,0,2,2,2,2,2,1,1,3,0,2,2,2,3,0,3,1,2,2,2,1,1,3,0
648,2,2,2,2,0,4,0,2,2,2,1,1,3,0,2,2,2,2,0,4,0,1,2,2,2,1,3,0
649,1,2,1,1,3,1,0,2,1,2,1,2,2,0,2,2,1,2,1,3,0,1,2,2,1,2,2,0
650,2,3,2,3,0,2,2,1,3,2,1,2,1,1,2,2,2,2,0,4,0,1,2,2,2,1,3,0
651,2,2,2,2,0,4,0,2,1,2,1,2,2,0,2,2,2,2,0,4,0,2,2,3,3,0,2,2
652,2,3,2,2,0,3,1,1,1,2,1,3,1,0,2,2,2,2,0,4,0,1,1,1,1,4,0,0
653,2,1,2,1,2,2,0,2,2,2,2,0,4,0,1,1,1,1,4,0,0,1,1,1,1,4,0,0
654,2,1,2,2,1,3,0,1,2,1,1,3,1,0,1,2,1,2,2,2,0,1,2,2,2,1,3,0
655,1,1,2,1,3,1,0,2,2,2,2,0,4,0,2,2,2,2,0,4,0,2,2,3,2,0,3,1
656,2,2,2,2,0,4,0,2,2,2,3,0,3,1,2,2,2,2,0,4,0,2,2,3,2,0,3,1
657,2,2,2,2,0,4,0,1,1,1,1,4,0,0,2,2,2,2,0,4,0,2,2,3,2,0,3,1
658,2,2,2,1,1,3,0,2,2,2,3,0,3,1,1,1,1,1,4,0,0,2,2,2,3,0,3,1
659,2,3,1,3,1,1,2,2,2,2,3,0,3,1,2,2,2,2,0,4,0,1,2,2,2,1,3,0
660,2,3,2,3,0,2,2,2,2,2,2,0,4,0,3,2,3,3,0,1,3,2,2,3,3,0,2,2
661,1,2,2,1,2,2,0,2,2,2,3,0,3,1,2,2,1,2,1,3,0,2,2,3,3,0,2,2
662,2,2,2,2,0,4,0,2,2,3,3,0,2,2,2,2,2,2,0,4,0,9,9,9,9,0,0,0
663,2,3,2,2,0,3,1,2,1,1,1,3,1,0,2,2,2,2,0,4,0,2,2,3,3,0,2,2
664,2,2,2,1,1,3,0,2,2,2,3,0,3,1,2,2,2,2,0,4,0,1,1,1,1,4,0,0
665,2,2,2,2,0,4,0,2,2,2,1,1,3,0,2,1,2,2,1,3,0,2,2,2,2,0,4,0
666,1,1,1,1,4,0,0,1,1,1,1,4,0,0,1,1,1,1,4,0,0,1,2,1,1,3,1,0
667,2,2,2,2,0,4,0,2,2,2,3,0,3,1,2,2,2,2,0,4,0,1,2,1,1,3,1,0
668,2,2,1,2,1,3,0,2,3,3,3,0,1,3,2,2,2,3,0,3,1,2,2,1,2,1,3,0
669,1,1,2,1,3,1,0,2,2,2,3,0,3,1,2,2,2,2,0,4,0,2,2,3,3,0,2,2
670,1,1,2,1,3,1,0,2,3,3,3,0,1,3,2,2,2,2,0,4,0,9,9,9,9,0,0,0
671,1,1,1,1,4,0,0,2,2,2,1,1,3,0,2,2,3,3,0,2,2,2,2,3,2,0,3,1
672,1,1,2,1,3,1,0,2,2,2,3,0,3,1,2,2,2,2,0,4,0,1,2,1,1,3,1,0
673,2,3,2,3,0,2,2,2,2,2,2,0,4,0,2,2,2,3,0,3,1,2,2,2,2,0,4,0
674,2,2,2,2,0,4,0,2,2,2,2,0,4,0,2,2,2,2,0,4,0,1,2,1,1,3,1,0
675,2,2,2,2,0,4,0,2,2,2,2,0,4,0,2,2,2,2,0,4,0,1,2,1,1,3,1,0
676,2,2,2,2,0,4,0,2,2,2,3,0,3,1,2,2,2,3,0,3,1,1,1,1,1,4,0,0
677,2,2,2,2,0,4,0,2,2,2,3,0,3,1,2,2,2,2,0,4,0,2,2,2,1,1,3,0
678,2,2,2,2,0,4,0,2,2,2,2,0,4,0,2,2,2,2,0,4,0,1,2,2,2,1,3,0
679,2,3,3,3,0,1,3,1,2,2,1,2,2,0,2,2,2,3,0,3,1,1,1,1,1,4,0,0
680,1,1,2,1,3,1,0,2,2,2,2,0,4,0,2,2,2,2,0,4,0,1,2,2,1,2,2,0
681,2,1,2,2,1,3,0,2,2,3,3,0,2,2,2,2,2,2,0,4,0,2,2,1,2,1,3,0
682,2,1,2,1,2,2,0,2,1,2,1,2,2,0,2,2,2,3,0,3,1,2,2,2,2,0,4,0
683,2,2,2,3,0,3,1,2,2,3,3,0,2,2,2,2,2,2,0,4,0,1,2,1,1,3,1,0
684,2,2,2,1,1,3,0,2,2,2,1,1,3,0,2,2,2,2,0,4,0,2,2,3,2,0,3,1
685,2,3,2,1,1,2,1,2,2,2,2,0,4,0,2,2,2,2,0,4,0,1,2,3,2,1,2,1
686,2,2,2,1,1,3,0,2,2,1,1,2,2,0,2,2,2,2,0,4,0,1,2,1,1,3,1,0
687,1,1,2,1,3,1,0,2,2,2,2,0,4,0,2,2,2,2,0,4,0,2,2,1,1,2,2,0
688,2,2,2,2,0,4,0,2,2,2,1,1,3,0,1,2,1,2,2,2,0,2,2,2,3,0,3,1
689,2,2,2,3,0,3,1,2,2,2,2,0,4,0,2,2,2,2,0,4,0,2,2,3,2,0,3,1
690,3,2,2,3,0,2,2,2,2,2,1,1,3,0,2,2,2,2,0,4,0,1,1,1,1,4,0,0
691,2,1,2,2,1,3,0,2,2,3,3,0,2,2,2,2,2,2,0,4,0,1,2,2,1,2,2,0
692,2,2,2,1,1,3,0,2,1,1,1,3,1,0,2,2,3,3,0,2,2,1,2,3,3,1,1,2
693,2,2,2,3,0,3,1,2,2,2,1,1,3,0,2,2,2,2,0,4,0,9,2,9,1,1,1,0
694,2,2,2,3,0,3,1,2,2,2,1,1,3,0,2,2,2,2,0,4,0,3,2,3,1,1,1,2
695,2,2,3,3,0,2,2,2,2,2,2,0,4,0,2,2,2,2,0,4,0,2,2,2,3,0,3,1
696,3,3,2,3,0,1,3,2,2,2,1,1,3,0,2,2,2,3,0,3,1,2,2,3,3,0,2,2
697,2,3,2,3,0,2,2,2,2,2,2,0,4,0,2,2,2,3,0,3,1,2,2,3,3,0,2,2
698,2,2,2,2,0,4,0,2,2,2,1,1,3,0,3,1,3,2,1,1,2,2,2,3,3,0,2,2
699,2,2,2,2,0,4,0,1,2,1,1,3,1,0,2,2,2,2,0,4,0,1,2,1,1,3,1,0
700,2,2,2,2,0,4,0,2,2,2,1,1,3,0,2,2,2,2,0,4,0,2,2,3,3,0,2,2
701,2,2,2,2,0,4,0,2,2,2,3,0,3,1,2,2,2,2,0,4,0,1,1,1,1,4,0,0
702,2,2,2,2,0,4,0,2,2,2,3,0,3,1,2,2,2,2,0,4,0,2,2,2,1,1,3,0
703,2,2,2,2,0,4,0,1,1,1,1,4,0,0,2,2,2,2,0,4,0,1,2,1,1,3,1,0
704,2,1,1,2,2,2,0,2,1,1,1,3,1,0,2,2,2,2,0,4,0,1,1,1,1,4,0,0
705,3,2,3,3,0,1,3,2,2,2,2,0,4,0,1,2,2,2,1,3,0,2,2,3,2,0,3,1
706,2,2,2,3,0,3,1,2,2,2,2,0,4,0,2,2,2,2,0,4,0,2,2,3,9,0,2,1
707,2,2,2,3,0,3,1,2,2,3,3,0,2,2,2,1,2,2,1,3,0,2,2,1,1,2,2,0
708,2,2,2,1,1,3,0,1,1,1,1,4,0,0,2,1,1,1,3,1,0,2,2,2,2,0,4,0
709,1,1,2,1,3,1,0,2,2,1,3,1,2,1,3,2,3,2,0,2,2,2,2,2,2,0,4,0
710,2,1,2,1,2,2,0,2,2,2,3,0,3,1,2,2,2,2,0,4,0,1,1,1,1,4,0,0
711,1,1,1,1,4,0,0,1,1,1,1,4,0,0,1,2,2,2,1,3,0,1,1,1,1,4,0,0
712,2,1,2,1,2,2,0,2,2,1,1,2,2,0,2,2,2,2,0,4,0,2,2,2,1,1,3,0
713,2,2,2,1,1,3,0,2,2,2,2,0,4,0,2,2,2,2,0,4,0,1,2,1,1,3,1,0
714,2,1,2,1,2,2,0,2,2,2,1,1,3,0,2,2,3,3,0,2,2,1,2,3,1,2,1,1
715,2,1,1,1,3,1,0,2,2,1,1,2,2,0,2,2,2,2,0,4,0,2,2,1,1,2,2,0
716,2,2,2,2,0,4,0,2,2,2,1,1,3,0,2,2,2,2,0,4,0,2,2,1,2,1,3,0
717,1,1,1,3,3,0,1,2,2,2,3,0,3,1,2,2,2,2,0,4,0,1,2,2,1,2,2,0
718,1,1,1,1,4,0,0,2,2,2,2,0,4,0,2,2,2,2,0,4,0,1,2,3,2,1,2,1
719,2,2,2,2,0,4,0,2,2,2,1,1,3,0,3,2,3,3,0,1,3,2,2,2,1,1,3,0
720,2,2,2,2,0,4,0,2,2,2,1,1,3,0,2,2,2,2,0,4,0,1,1,1,1,4,0,0
721,2,3,2,2,0,3,1,2,2,2,1,1,3,0,2,2,2,2,0,4,0,2,2,3,3,0,2,2
722,2,3,2,3,0,2,2,2,2,2,2,0,4,0,2,2,2,2,0,4,0,2,2,2,2,0,4,0
723,2,2,2,1,1,3,0,2,2,2,3,0,3,1,2,2,2,2,0,4,0,2,2,2,3,0,3,1
724,3,3,3,3,0,0,4,2,1,2,1,2,2,0,2,1,1,1,3,1,0,2,2,1,2,1,3,0
725,2,1,1,1,3,1,0,2,2,2,3,0,3,1,2,2,2,2,0,4,0,2,2,3,2,0,3,1
726,1,2,1,1,3,1,0,2,2,2,1,1,3,0,2,2,2,2,0,4,0,9,9,9,9,0,0,0
727,2,3,2,3,0,2,2,2,2,2,3,0,3,1,2,2,2,2,0,4,0,1,2,3,1,2,1,1
728,1,2,1,1,3,1,0,2,2,2,1,1,3,0,2,2,2,2,0,4,0,1,2,1,1,3,1,0
729,2,2,2,3,0,3,1,1,1,2,1,3,1,0,2,2,2,2,0,4,0,1,1,1,1,4,0,0
730,2,3,2,3,0,2,2,2,2,3,3,0,2,2,2,2,1,2,1,3,0,1,2,1,1,3,1,0
731,2,2,2,2,0,4,0,2,2,2,3,0,3,1,2,2,2,2,0,4,0,1,2,1,1,3,1,0
732,1,2,2,2,1,3,0,2,2,2,3,0,3,1,3,2,2,3,0,2,2,1,1,1,1,4,0,0
733,1,2,2,1,2,2,0,2,1,2,1,2,2,0,2,2,2,2,0,4,0,2,2,9,9,0,2,0
734,1,2,1,1,3,1,0,2,2,2,2,0,4,0,2,2,2,2,0,4,0,1,1,1,1,4,0,0
735,2,2,2,2,0,4,0,2,2,2,1,1,3,0,2,2,2,2,0,4,0,2,2,3,3,0,2,2
736,2,3,2,2,0,3,1,2,2,2,3,0,3,1,2,2,2,2,0,4,0,3,2,2,3,0,2,2
737,2,3,2,3,0,2,2,2,2,2,1,1,3,0,1,2,1,2,2,2,0,1,2,2,1,2,2,0
738,2,2,2,2,0,4,0,2,2,2,1,1,3,0,1,2,2,2,1,3,0,2,2,2,3,0,3,1
739,2,1,2,1,2,2,0,2,2,2,1,1,3,0,2,2,2,2,0,4,0,1,2,1,1,3,1,0
740,2,2,2,3,0,3,1,2,2,2,3,0,3,1,1,2,1,2,2,2,0,1,2,1,1,3,1,0
741,2,1,2,1,2,2,0,2,2,2,1,1,3,0,2,2,2,2,0,4,0,1,2,1,1,3,1,0
742,2,2,2,1,1,3,0,1,2,2,1,2,2,0,2,2,2,2,0,4,0,2,2,3,1,1,2,1
743,2,3,2,1,1,2,1,2,2,2,1,1,3,0,1,1,1,1,4,0,0,9,9,3,9,0,0,1
744,2,2,2,2,0,4,0,1,2,1,1,3,1,0,2,2,2,2,0,4,0,1,1,1,1,4,0,0
745,2,2,2,3,0,3,1,2,1,1,1,3,1,0,2,2,3,3,0,2,2,2,2,3,2,0,3,1
746,2,1,2,1,2,2,0,1,1,1,1,4,0,0,1,2,2,2,1,3,0,9,9,9,9,0,0,0
747,2,2,2,3,0,3,1,1,1,1,1,4,0,0,2,2,2,2,0,4,0,2,2,2,1,1,3,0
748,2,2,2,3,0,3,1,2,2,2,1,1,3,0,2,2,2,2,0,4,0,9,9,9,9,0,0,0
749,1,1,1,1,4,0,0,2,2,2,1,1,3,0,2,2,2,2,0,4,0,2,2,2,2,0,4,0
750,3,2,3,3,0,1,3,2,2,2,2,0,4,0,2,2,2,2,0,4,0,2,2,1,1,2,2,0
751,2,2,2,2,0,4,0,2,2,1,1,2,2,0,2,2,2,2,0,4,0,1,2,2,2,1,3,0
752,2,1,2,1,2,2,0,2,2,3,3,0,2,2,2,2,3,2,0,3,1,1,1,1,1,4,0,0
753,1,1,1,1,4,0,0,1,1,1,1,4,0,0,1,2,2,2,1,3,0,1,2,3,2,1,2,1
754,2,2,2,2,0,4,0,2,2,2,3,0,3,1,2,2,2,2,0,4,0,1,2,3,1,2,1,1
755,2,1,1,1,3,1,0,2,2,3,3,0,2,2,2,2,2,2,0,4,0,1,2,1,1,3,1,0
756,2,2,2,2,0,4,0,2,2,2,3,0,3,1,2,2,2,2,0,4,0,9,2,9,2,0,2,0
757,2,2,2,2,0,4,0,2,1,2,1,2,2,0,2,2,2,2,0,4,0,1,1,1,1,4,0,0
758,2,2,2,2,0,4,0,2,2,2,3,0,3,1,2,2,2,2,0,4,0,2,2,3,2,0,3,1
759,1,2,2,1,2,2,0,2,2,2,3,0,3,1,2,2,2,2,0,4,0,2,2,2,2,0,4,0
760,2,2,2,2,0,4,0,2,2,2,2,0,4,0,2,2,2,2,0,4,0,3,2,3,3,0,1,3
761,2,2,2,3,0,3,1,2,2,2,1,1,3,0,2,2,2,2,0,4,0,1,2,1,1,3,1,0
762,2,2,2,2,0,4,0,2,2,2,1,1,3,0,2,2,2,2,0,4,0,1,2,1,1,3,1,0
763,2,2,2,3,0,3,1,2,2,2,2,0,4,0,1,2,1,1,3,1,0,1,2,2,2,1,3,0
764,2,2,2,2,0,4,0,2,1,2,1,2,2,0,2,3,2,3,0,2,2,2,2,3,2,0,3,1
765,2,2,2,2,0,4,0,2,2,3,3,0,2,2,2,2,2,2,0,4,0,2,2,3,2,0,3,1
766,3,3,2,2,0,2,2,2,2,2,2,0,4,0,1,2,2,1,2,2,0,1,2,3,2,1,2,1
767,2,2,2,2,0,4,0,2,2,2,1,1,3,0,1,1,1,2,3,1,0,1,1,1,1,4,0,0
768,2,2,2,1,1,3,0,2,2,2,1,1,3,0,2,2,2,2,0,4,0,1,2,2,1,2,2,0
769,2,2,2,3,0,3,1,2,2,2,1,1,3,0,2,2,2,2,0,4,0,2,2,2,3,0,3,1
770,1,1,1,2,3,1,0,2,2,2,2,0,4,0,2,2,2,2,0,4,0,1,2,3,1,2,1,1
771,2,1,2,3,1,2,1,2,2,2,1,1,3,0,2,2,2,2,0,4,0,2,2,2,2,0,4,0
772,2,2,2,3,0,3,1,1,2,2,1,2,2,0,2,2,2,2,0,4,0,2,2,3,3,0,2,2
773,2,2,2,2,0,4,0,2,2,2,1,1,3,0,2,2,3,2,0,3,1,3,2,3,3,0,1,3
774,2,2,2,1,1,3,0,2,2,3,3,0,2,2,2,2,2,3,0,3,1,2,2,2,2,0,4,0
775,2,1,1,2,2,2,0,2,2,2,1,1,3,0,1,1,1,1,4,0,0,2,2,3,2,0,3,1
776,2,1,2,1,2,2,0,1,2,1,1,3,1,0,2,2,2,2,0,4,0,1,2,1,1,3,1,0
777,2,1,1,2,2,2,0,2,2,2,1,1,3,0,2,2,2,2,0,4,0,1,2,1,1,3,1,0
778,1,1,1,1,4,0,0,2,2,2,2,0,4,0,2,2,2,2,0,4,0,1,2,1,1,3,1,0
779,2,2,1,2,1,3,0,3,3,3,3,0,0,4,2,2,2,2,0,4,0,1,2,2,1,2,2,0
780,2,2,2,2,0,4,0,2,2,2,1,1,3,0,2,2,1,2,1,3,0,2,2,2,1,1,3,0
781,2,2,2,3,0,3,1,2,2,2,3,0,3,1,3,3,3,3,0,0,4,1,2,1,1,3,1,0
782,8,3,2,3,0,1,2,3,2,3,3,0,1,3,2,2,2,2,0,4,0,1,2,1,1,3,1,0
783,2,2,2,1,1,3,0,2,2,2,2,0,4,0,2,2,2,2,0,4,0,1,2,1,1,3,1,0
784,2,2,2,1,1,3,0,2,2,2,1,1,3,0,1,1,1,2,3,1,0,1,1,1,1,4,0,0
785,1,1,2,1,3,1,0,2,2,2,2,0,4,0,2,2,2,2,0,4,0,1,1,1,1,4,0,0
786,2,2,2,2,0,4,0,2,2,2,1,1,3,0,2,2,2,2,0,4,0,1,1,1,1,4,0,0
787,2,1,2,1,2,2,0,1,1,1,1,4,0,0,2,2,3,3,0,2,2,9,9,9,9,0,0,0
788,2,3,3,3,0,1,3,2,2,2,2,0,4,0,2,2,2,2,0,4,0,1,2,2,1,2,2,0
789,1,2,1,1,3,1,0,2,2,3,3,0,2,2,2,2,2,2,0,4,0,1,2,1,1,3,1,0
790,3,3,2,3,0,1,3,2,2,2,2,0,4,0,2,2,2,2,0,4,0,2,2,2,2,0,4,0
791,1,2,1,1,3,1,0,2,2,2,1,1,3,0,2,2,2,2,0,4,0,2,2,1,1,2,2,0
792,1,2,1,1,3,1,0,2,1,2,1,2,2,0,2,2,2,2,0,4,0,1,2,1,1,3,1,0
793,2,2,2,3,0,3,1,2,1,2,1,2,2,0,2,9,2,2,0,3,0,1,1,1,1,4,0,0
794,2,3,2,3,0,2,2,2,2,2,2,0,4,0,2,2,3,3,0,2,2,1,2,1,1,3,1,0
795,2,2,2,2,0,4,0,2,2,3,3,0,2,2,2,2,2,3,0,3,1,1,1,1,1,4,0,0
796,2,1,1,1,3,1,0,2,2,2,2,0,4,0,2,2,2,2,0,4,0,9,9,9,9,0,0,0
797,2,2,2,1,1,3,0,2,2,2,1,1,3,0,2,2,2,2,0,4,0,1,2,2,1,2,2,0
798,2,2,2,3,0,3,1,2,2,3,2,0,3,1,2,2,2,2,0,4,0,2,2,3,2,0,3,1
799,2,2,2,3,0,3,1,2,2,3,3,0,2,2,2,2,2,2,0,4,0,1,1,1,1,4,0,0
800,2,2,2,3,0,3,1,3,2,3,3,0,1,3,2,2,2,2,0,4,0,9,9,9,9,0,0,0
801,2,2,2,3,0,3,1,2,2,3,3,0,2,2,2,2,2,2,0,4,0,1,1,1,1,4,0,0
802,2,1,2,2,1,3,0,2,2,2,2,0,4,0,2,2,2,2,0,4,0,2,2,2,1,1,3,0
803,1,1,1,1,4,0,0,2,2,2,2,0,4,0,2,2,2,2,0,4,0,1,2,2,1,2,2,0
804,2,1,2,1,2,2,0,1,2,2,1,2,2,0,3,2,2,3,0,2,2,1,2,3,1,2,1,1
805,1,1,1,1,4,0,0,2,2,3,3,0,2,2,2,3,3,2,0,2,2,1,2,1,1,3,1,0
806,2,2,2,1,1,3,0,3,2,3,3,0,1,3,3,3,3,3,0,0,4,2,2,3,2,0,3,1
807,2,2,2,2,0,4,0,2,2,2,3,0,3,1,2,2,2,2,0,4,0,2,2,2,1,1,3,0
808,2,2,2,3,0,3,1,2,2,2,1,1,3,0,2,2,2,2,0,4,0,2,2,2,2,0,4,0
809,2,2,2,2,0,4,0,2,2,2,2,0,4,0,2,2,2,2,0,4,0,2,2,2,2,0,4,0
810,3,3,3,3,0,0,4,2,2,2,2,0,4,0,2,2,2,3,0,3,1,1,1,1,1,4,0,0
811,2,2,2,2,0,4,0,1,1,1,1,4,0,0,2,2,2,2,0,4,0,1,2,3,1,2,1,1
812,2,2,2,2,0,4,0,2,2,2,2,0,4,0,3,2,2,3,0,2,2,2,2,3,3,0,2,2
813,1,1,1,1,4,0,0,2,1,2,1,2,2,0,2,2,2,3,0,3,1,2,2,2,1,1,3,0
814,2,2,2,2,0,4,0,2,2,1,1,2,2,0,2,1,2,2,1,3,0,1,2,1,2,2,2,0
815,2,1,2,1,2,2,0,2,2,2,2,0,4,0,2,2,2,2,0,4,0,2,2,2,1,1,3,0
816,2,2,2,2,0,4,0,2,2,2,2,0,4,0,2,1,2,2,1,3,0,1,2,1,1,3,1,0
817,1,1,2,1,3,1,0,2,2,2,1,1,3,0,2,2,1,2,1,3,0,1,2,1,1,3,1,0
818,2,2,2,2,0,4,0,2,2,3,3,0,2,2,2,2,2,2,0,4,0,2,2,3,3,0,2,2
819,2,2,2,2,0,4,0,2,2,1,1,2,2,0,1,2,2,2,1,3,0,1,2,3,1,2,1,1
820,2,1,2,2,1,3,0,2,2,2,3,0,3,1,2,2,3,3,0,2,2,2,2,3,3,0,2,2
821,2,3,2,3,0,2,2,2,2,2,3,0,3,1,2,2,2,2,0,4,0,1,1,1,1,4,0,0
822,3,3,3,3,0,0,4,2,2,2,1,1,3,0,2,2,2,2,0,4,0,1,2,1,1,3,1,0
823,2,2,2,3,0,3,1,2,2,2,3,0,3,1,3,3,3,3,0,0,4,1,2,1,1,3,1,0
824,2,1,2,2,1,3,0,2,2,2,3,0,3,1,2,2,2,2,0,4,0,1,2,1,1,3,1,0
825,2,2,2,2,0,4,0,2,2,2,3,0,3,1,2,2,2,2,0,4,0,1,2,3,1,2,1,1
826,2,2,2,1,1,3,0,2,2,2,2,0,4,0,2,2,2,2,0,4,0,1,2,2,1,2,2,0
827,2,2,2,2,0,4,0,2,2,2,2,0,4,0,2,2,2,2,0,4,0,9,2,3,2,0,2,1
828,2,2,2,1,1,3,0,2,2,2,1,1,3,0,2,2,3,3,0,2,2,2,2,2,3,0,3,1
829,2,2,2,2,0,4,0,2,2,2,2,0,4,0,2,2,2,2,0,4,0,2,2,3,2,0,3,1
830,1,1,2,1,3,1,0,1,1,1,1,4,0,0,2,2,2,2,0,4,0,1,2,2,1,2,2,0
831,2,1,2,1,2,2,0,2,1,2,1,2,2,0,2,2,3,3,0,2,2,2,2,3,2,0,3,1
832,2,2,2,3,0,3,1,2,2,2,1,1,3,0,2,2,2,2,0,4,0,2,2,3,3,0,2,2
833,2,2,2,1,1,3,0,1,1,1,1,4,0,0,2,2,2,2,0,4,0,1,2,2,1,2,2,0
834,2,2,2,3,0,3,1,2,2,3,3,0,2,2,1,2,2,2,1,3,0,9,9,9,9,0,0,0
835,2,1,2,1,2,2,0,2,2,2,1,1,3,0,2,2,2,2,0,4,0,1,2,2,1,2,2,0
836,2,2,2,3,0,3,1,2,2,2,2,0,4,0,2,2,2,2,0,4,0,2,2,3,3,0,2,2
837,2,1,2,3,1,2,1,2,2,2,2,0,4,0,3,2,3,3,0,1,3,1,2,1,1,3,1,0
838,2,1,2,2,1,3,0,2,2,2,2,0,4,0,2,2,2,2,0,4,0,2,2,2,2,0,4,0
839,2,2,2,2,0,4,0,2,2,2,1,1,3,0,2,2,2,2,0,4,0,1,2,1,1,3,1,0
840,2,2,2,2,0,4,0,1,1,2,1,3,1,0,2,2,2,2,0,4,0,2,2,1,2,1,3,0
841,2,3,2,2,0,3,1,2,2,2,1,1,3,0,2,2,2,2,0,4,0,2,2,3,2,0,3,1
842,2,2,2,2,0,4,0,2,2,2,1,1,3,0,2,2,2,2,0,4,0,2,2,3,1,1,2,1
843,2,2,2,2,0,4,0,2,2,2,2,0,4,0,2,2,2,2,0,4,0,2,2,2,1,1,3,0
844,2,2,2,2,0,4,0,2,2,2,1,1,3,0,2,2,2,2,0,4,0,1,2,1,1,3,1,0
845,2,1,2,2,1,3,0,1,1,1,1,4,0,0,2,2,9,2,0,3,0,2,2,3,2,0,3,1
846,2,2,2,1,1,3,0,1,1,1,1,4,0,0,2,2,2,3,0,3,1,2,9,9,9,0,1,0
847,2,2,2,3,0,3,1,2,2,2,3,0,3,1,1,2,1,1,3,1,0,1,2,1,1,3,1,0
848,2,1,2,1,2,2,0,2,2,2,1,1,3,0,2,2,2,3,0,3,1,1,2,1,1,3,1,0
849,2,2,2,1,1,3,0,2,2,2,1,1,3,0,2,2,2,2,0,4,0,2,2,3,3,0,2,2
850,1,2,1,1,3,1,0,2,2,2,2,0,4,0,2,3,3,3,0,1,3,1,2,3,3,1,1,2
851,2,2,2,3,0,3,1,2,2,2,2,0,4,0,2,2,2,2,0,4,0,1,2,1,1,3,1,0
852,1,1,2,1,3,1,0,2,2,2,3,0,3,1,2,2,2,2,0,4,0,2,2,2,1,1,3,0
853,2,1,2,2,1,3,0,2,2,2,2,0,4,0,2,2,2,2,0,4,0,1,9,9,1,2,0,0
854,2,2,2,2,0,4,0,2,2,2,3,0,3,1,2,2,2,2,0,4,0,1,1,1,1,4,0,0
855,1,1,1,1,4,0,0,2,2,2,3,0,3,1,2,2,1,1,2,2,0,1,2,1,1,3,1,0
856,2,1,2,2,1,3,0,2,2,2,3,0,3,1,2,2,2,3,0,3,1,9,2,9,1,1,1,0
857,1,1,2,1,3,1,0,2,2,2,1,1,3,0,3,3,2,2,0,2,2,9,9,9,9,0,0,0
858,1,1,2,1,3,1,0,2,2,1,3,1,2,1,3,2,3,2,0,2,2,2,2,3,3,0,2,2
859,2,2,2,3,0,3,1,2,2,2,1,1,3,0,2,2,2,2,0,4,0,9,9,3,9,0,0,1
860,2,2,2,2,0,4,0,2,1,2,1,2,2,0,2,2,2,2,0,4,0,2,2,3,3,0,2,2
861,2,2,2,2,0,4,0,1,1,2,1,3,1,0,2,2,2,2,0,4,0,1,2,1,1,3,1,0
862,2,2,2,1,1,3,0,2,2,2,2,0,4,0,2,2,2,2,0,4,0,2,2,3,3,0,2,2
863,1,1,2,1,3,1,0,2,2,2,2,0,4,0,2,2,2,2,0,4,0,1,2,3,1,2,1,1
864,2,1,2,1,2,2,0,2,2,2,3,0,3,1,2,2,2,2,0,4,0,2,2,2,1,1,3,0
865,1,2,2,2,1,3,0,2,2,2,1,1,3,0,1,1,1,1,4,0,0,2,2,3,3,0,2,2
866,2,1,2,2,1,3,0,2,2,2,1,1,3,0,2,2,2,2,0,4,0,1,2,1,1,3,1,0
867,2,1,2,2,1,3,0,2,2,2,3,0,3,1,2,2,2,2,0,4,0,1,2,2,2,1,3,0
868,3,2,2,3,0,2,2,2,2,2,2,0,4,0,2,3,3,3,0,1,3,3,2,3,3,0,1,3
869,2,2,2,2,0,4,0,2,2,2,2,0,4,0,2,2,2,2,0,4,0,2,2,3,1,1,2,1
870,2,2,2,3,0,3,1,2,2,2,2,0,4,0,2,1,2,2,1,3,0,3,2,3,3,0,1,3
871,2,2,2,2,0,4,0,2,2,2,3,0,3,1,2,2,2,2,0,4,0,2,2,2,2,0,4,0
872,3,3,2,3,0,1,3,2,2,1,1,2,2,0,2,2,2,2,0,4,0,3,2,3,3,0,1,3
873,2,2,2,1,1,3,0,2,2,2,1,1,3,0,2,2,2,2,0,4,0,1,2,2,2,1,3,0
874,2,2,2,2,0,4,0,2,1,2,1,2,2,0,2,2,2,2,0,4,0,2,2,2,3,0,3,1
875,2,2,2,2,0,4,0,1,2,1,1,3,1,0,2,2,2,2,0,4,0,2,2,2,2,0,4,0
876,2,2,2,2,0,4,0,2,2,2,2,0,4,0,2,2,2,2,0,4,0,1,2,2,3,1,2,1
877,1,1,1,1,4,0,0,1,1,1,1,4,0,0,2,2,2,2,0,4,0,1,2,1,1,3,1,0
878,2,3,2,3,0,2,2,1,2,2,2,1,3,0,2,2,2,2,0,4,0,1,2,1,1,3,1,0
879,2,2,2,2,0,4,0,2,2,2,2,0,4,0,2,2,2,2,0,4,0,3,2,3,3,0,1,3
880,2,2,2,3,0,3,1,2,2,3,3,0,2,2,2,2,2,2,0,4,0,1,2,3,1,2,1,1
881,2,2,2,1,1,3,0,2,2,2,1,1,3,0,2,2,2,2,0,4,0,1,2,2,1,2,2,0
882,2,2,2,3,0,3,1,2,2,2,1,1,3,0,2,2,2,3,0,3,1,3,2,3,3,0,1,3
883,1,1,2,1,3,1,0,2,1,2,1,2,2,0,1,2,2,2,1,3,0,1,2,2,2,1,3,0
884,2,2,2,2,0,4,0,1,1,1,1,4,0,0,2,2,2,2,0,4,0,2,2,2,3,0,3,1
885,2,1,2,2,1,3,0,2,2,2,3,0,3,1,1,1,1,1,4,0,0,2,2,1,2,1,3,0
886,2,2,2,3,0,3,1,2,2,2,1,1,3,0,2,2,2,3,0,3,1,1,2,2,1,2,2,0
887,2,2,2,3,0,3,1,1,2,1,1,3,1,0,2,2,2,2,0,4,0,1,1,1,1,4,0,0
888,2,1,1,1,3,1,0,2,2,2,1,1,3,0,1,2,2,2,1,3,0,2,2,3,2,0,3,1
889,2,2,2,2,0,4,0,2,2,2,3,0,3,1,2,2,2,2,0,4,0,3,2,3,2,0,2,2
890,2,2,2,2,0,4,0,1,2,1,1,3,1,0,2,2,2,2,0,4,0,1,2,2,1,2,2,0
891,2,1,2,2,1,3,0,1,2,2,1,2,2,0,3,2,3,3,0,1,3,1,1,1,1,4,0,0
892,1,1,2,1,3,1,0,2,2,2,1,1,3,0,2,2,2,2,0,4,0,1,1,1,1,4,0,0
893,2,2,2,2,0,4,0,2,2,2,1,1,3,0,2,2,9,2,0,3,0,1,2,1,1,3,1,0
894,2,1,2,1,2,2,0,2,2,2,1,1,3,0,2,2,2,2,0,4,0,1,2,2,2,1,3,0
895,2,2,2,3,0,3,1,1,2,2,1,2,2,0,2,2,2,2,0,4,0,1,2,1,1,3,1,0
896,2,2,2,2,0,4,0,2,2,2,3,0,3,1,2,2,2,2,0,4,0,1,2,2,1,2,2,0
897,3,2,2,2,0,3,1,2,2,2,2,0,4,0,2,2,2,2,0,4,0,2,2,3,1,1,2,1
898,3,3,2,3,0,1,3,2,2,2,2,0,4,0,2,2,2,3,0,3,1,1,2,1,1,3,1,0
899,2,2,2,2,0,4,0,2,2,3,3,0,2,2,2,2,2,2,0,4,0,9,9,9,9,0,0,0
900,2,1,2,3,1,2,1,2,2,2,1,1,3,0,1,1,1,1,4,0,0,9,9,9,9,0,0,0
901,2,2,2,2,0,4,0,2,2,2,3,0,3,1,2,2,2,2,0,4,0,1,1,1,1,4,0,0
902,3,2,3,3,0,1,3,2,2,2,3,0,3,1,1,1,2,1,3,1,0,1,2,2,3,1,2,1
903,3,1,2,2,1,2,1,2,2,2,1,1,3,0,1,1,1,2,3,1,0,2,2,2,1,1,3,0
904,2,1,1,2,2,2,0,2,3,3,3,0,1,3,2,2,2,2,0,4,0,1,1,1,1,4,0,0
905,2,1,1,2,2,2,0,2,2,2,1,1,3,0,2,2,2,2,0,4,0,1,2,1,1,3,1,0
906,1,1,2,1,3,1,0,2,2,2,1,1,3,0,2,2,2,2,0,4,0,1,2,1,1,3,1,0
907,1,1,1,1,4,0,0,2,2,2,3,0,3,1,2,2,2,2,0,4,0,1,2,2,2,1,3,0
908,2,1,2,1,2,2,0,2,2,2,3,0,3,1,2,2,2,3,0,3,1,2,2,3,1,1,2,1
909,2,1,2,2,1,3,0,2,2,2,1,1,3,0,2,2,2,2,0,4,0,2,2,2,3,0,3,1
910,2,1,2,1,2,2,0,1,1,1,1,4,0,0,2,2,2,2,0,4,0,2,2,2,2,0,4,0
911,2,1,2,2,1,3,0,2,2,2,1,1,3,0,1,2,2,2,1,3,0,1,2,1,1,3,1,0
912,2,1,2,1,2,2,0,2,2,2,2,0,4,0,1,2,2,2,1,3,0,1,2,3,1,2,1,1
913,2,2,2,3,0,3,1,2,2,2,1,1,3,0,2,2,3,3,0,2,2,1,2,2,1,2,2,0
914,1,1,1,1,4,0,0,2,2,2,2,0,4,0,2,2,2,2,0,4,0,2,2,2,3,0,3,1
915,1,1,1,1,4,0,0,2,2,2,2,0,4,0,2,2,2,2,0,4,0,1,2,1,1,3,1,0
916,2,3,2,2,0,3,1,1,1,1,1,4,0,0,2,2,2,3,0,3,1,1,2,3,1,2,1,1
917,2,2,2,2,0,4,0,2,1,1,1,3,1,0,2,2,2,2,0,4,0,1,1,1,1,4,0,0
918,2,2,2,2,0,4,0,2,2,2,1,1,3,0,1,2,1,1,3,1,0,1,1,1,1,4,0,0
919,2,1,2,3,1,2,1,2,2,2,3,0,3,1,2,2,2,3,0,3,1,2,2,3,3,0,2,2
920,1,1,1,1,4,0,0,2,2,2,1,1,3,0,2,2,2,2,0,4,0,1,1,1,1,4,0,0
921,3,2,2,2,0,3,1,2,2,2,2,0,4,0,2,2,2,3,0,3,1,1,2,3,1,2,1,1
922,2,2,2,2,0,4,0,2,2,2,3,0,3,1,1,2,1,2,2,2,0,1,2,3,1,2,1,1
923,1,1,2,1,3,1,0,1,1,1,1,4,0,0,2,2,2,2,0,4,0,1,2,2,1,2,2,0
924,2,1,1,2,2,2,0,2,2,2,3,0,3,1,2,2,2,2,0,4,0,1,2,2,1,2,2,0
925,1,1,2,1,3,1,0,2,2,2,3,0,3,1,2,2,2,3,0,3,1,2,2,2,2,0,4,0
926,2,2,2,3,0,3,1,2,2,2,3,0,3,1,2,2,2,3,0,3,1,2,2,2,3,0,3,1
927,2,2,2,3,0,3,1,2,1,2,1,2,2,0,2,2,2,2,0,4,0,1,1,1,1,4,0,0
928,2,1,2,1,2,2,0,2,2,3,3,0,2,2,2,2,2,2,0,4,0,2,2,3,3,0,2,2
929,2,1,2,1,2,2,0,2,1,1,1,3,1,0,2,2,2,2,0,4,0,1,2,1,1,3,1,0
930,2,2,2,2,0,4,0,1,1,1,1,4,0,0,2,2,2,3,0,3,1,1,2,3,1,2,1,1
931,1,1,1,1,4,0,0,2,2,2,2,0,4,0,3,2,3,3,0,1,3,2,2,1,2,1,3,0
932,2,2,2,2,0,4,0,2,2,2,1,1,3,0,2,2,2,3,0,3,1,9,9,9,9,0,0,0
933,2,1,2,1,2,2,0,2,2,2,2,0,4,0,1,1,1,1,4,0,0,3,2,2,3,0,2,2
934,1,3,1,1,3,0,1,1,1,2,1,3,1,0,2,2,2,2,0,4,0,1,2,1,1,3,1,0
935,2,2,2,2,0,4,0,2,2,2,1,1,3,0,2,2,2,2,0,4,0,1,2,3,1,2,1,1
936,3,3,3,3,0,0,4,1,1,1,1,4,0,0,2,2,2,2,0,4,0,1,2,1,1,3,1,0
937,2,2,2,2,0,4,0,1,1,1,1,4,0,0,2,2,2,2,0,4,0,1,2,1,1,3,1,0
938,2,2,2,2,0,4,0,2,2,2,3,0,3,1,2,2,2,2,0,4,0,2,2,3,3,0,2,2
939,1,2,2,1,2,2,0,2,2,2,2,0,4,0,2,2,2,2,0,4,0,2,2,1,1,2,2,0
940,2,3,2,3,0,2,2,1,2,2,1,2,2,0,2,2,2,3,0,3,1,1,2,3,1,2,1,1
941,2,2,2,3,0,3,1,2,2,2,2,0,4,0,2,2,2,2,0,4,0,2,2,9,2,0,3,0
942,1,2,2,2,1,3,0,2,2,2,1,1,3,0,2,2,2,2,0,4,0,1,2,2,3,1,2,1
943,2,1,2,2,1,3,0,2,2,2,1,1,3,0,2,2,2,2,0,4,0,2,2,3,2,0,3,1
944,2,2,2,2,0,4,0,2,2,2,1,1,3,0,2,2,2,2,0,4,0,2,2,3,3,0,2,2
945,2,2,2,3,0,3,1,2,2,2,1,1,3,0,2,2,3,3,0,2,2,1,2,1,1,3,1,0
946,2,1,2,2,1,3,0,2,3,3,3,0,1,3,2,2,2,2,0,4,0,1,2,1,1,3,1,0
947,2,2,2,3,0,3,1,2,2,2,3,0,3,1,2,2,2,3,0,3,1,2,2,2,3,0,3,1
948,1,1,2,1,3,1,0,2,2,2,2,0,4,0,2,2,2,3,0,3,1,1,2,1,1,3,1,0
949,2,2,2,2,0,4,0,2,2,2,2,0,4,0,2,2,1,1,2,2,0,2,2,3,3,0,2,2
950,2,2,2,3,0,3,1,3,3,3,3,0,0,4,2,2,3,2,0,3,1,1,2,2,1,2,2,0
951,2,2,2,2,0,4,0,2,2,2,2,0,4,0,1,1,1,1,4,0,0,2,2,3,1,1,2,1
952,1,1,2,1,3,1,0,2,2,3,3,0,2,2,2,2,2,2,0,4,0,2,2,2,2,0,4,0
953,2,2,2,2,0,4,0,2,2,2,3,0,3,1,2,2,2,2,0,4,0,3,2,3,3,0,1,3
954,2,1,2,2,1,3,0,2,2,2,2,0,4,0,2,2,2,2,0,4,0,1,2,2,1,2,2,0
955,2,2,2,3,0,3,1,1,2,2,1,2,2,0,2,2,2,3,0,3,1,1,2,3,1,2,1,1
956,2,3,2,2,0,3,1,2,2,2,2,0,4,0,2,2,2,2,0,4,0,1,2,2,1,2,2,0
957,2,2,2,2,0,4,0,2,2,2,3,0,3,1,2,2,1,1,2,2,0,2,2,3,3,0,2,2
958,1,2,2,2,1,3,0,1,2,1,1,3,1,0,2,2,2,2,0,4,0,1,2,2,1,2,2,0
959,2,2,2,2,0,4,0,2,2,2,3,0,3,1,2,2,2,2,0,4,0,1,2,2,1,2,2,0
960,2,1,2,1,2,2,0,3,2,3,3,0,1,3,2,2,2,2,0,4,0,1,2,2,1,2,2,0
961,2,1,2,1,2,2,0,2,2,2,2,0,4,0,2,2,2,2,0,4,0,2,2,2,3,0,3,1
962,1,2,2,1,2,2,0,2,2,2,1,1,3,0,2,2,2,2,0,4,0,1,2,1,1,3,1,0
963,2,1,2,2,1,3,0,2,3,2,1,1,2,1,2,2,2,2,0,4,0,1,1,1,1,4,0,0
964,3,2,2,2,0,3,1,2,2,3,3,0,2,2,2,1,1,1,3,1,0,2,2,1,3,1,2,1
965,2,2,2,2,0,4,0,2,2,2,2,0,4,0,1,2,2,2,1,3,0,1,1,1,1,4,0,0
966,2,3,2,2,0,3,1,2,2,2,2,0,4,0,2,2,2,2,0,4,0,1,2,1,1,3,1,0
967,2,2,2,2,0,4,0,2,2,2,1,1,3,0,2,2,2,3,0,3,1,1,1,1,1,4,0,0
968,1,2,2,1,2,2,0,2,2,2,1,1,3,0,2,2,2,3,0,3,1,2,2,3,3,0,2,2
969,2,2,2,2,0,4,0,2,2,2,1,1,3,0,2,1,2,1,2,2,0,2,2,2,1,1,3,0
970,2,2,2,1,1,3,0,2,2,2,2,0,4,0,2,2,2,2,0,4,0,1,2,3,1,2,1,1
971,2,1,2,1,2,2,0,2,2,2,3,0,3,1,2,2,2,2,0,4,0,1,2,2,1,2,2,0
972,2,1,2,1,2,2,0,1,1,2,1,3,1,0,2,2,2,2,0,4,0,2,2,2,3,0,3,1
973,2,1,2,1,2,2,0,2,2,2,2,0,4,0,1,2,2,2,1,3,0,2,2,2,1,1,3,0
974,2,2,2,2,0,4,0,2,2,2,3,0,3,1,2,2,2,2,0,4,0,2,2,2,2,0,4,0
975,2,2,2,2,0,4,0,2,2,2,1,1,3,0,2,2,2,2,0,4,0,2,2,1,1,2,2,0
976,2,1,1,1,3,1,0,2,2,2,1,1,3,0,2,2,2,2,0,4,0,1,2,2,1,2,2,0
977,2,1,2,3,1,2,1,2,2,2,2,0,4,0,2,2,2,2,0,4,0,1,2,3,3,1,1,2
978,2,2,2,2,0,4,0,2,2,2,1,1,3,0,2,2,2,2,0,4,0,1,2,3,2,1,2,1
979,2,2,2,2,0,4,0,2,2,2,3,0,3,1,2,2,2,2,0,4,0,1,2,1,1,3,1,0
980,2,2,2,2,0,4,0,2,2,2,3,0,3,1,2,2,2,2,0,4,0,2,2,1,1,2,2,0
981,2,1,2,1,2,2,0,2,2,2,2,0,4,0,2,2,2,2,0,4,0,2,2,3,1,1,2,1
982,2,3,2,3,0,2,2,2,2,2,2,0,4,0,2,2,2,2,0,4,0,1,1,1,1,4,0,0
983,2,1,1,1,3,1,0,2,1,1,1,3,1,0,2,2,2,2,0,4,0,2,2,3,3,0,2,2
984,2,1,2,1,2,2,0,2,2,2,3,0,3,1,2,2,2,2,0,4,0,2,2,3,3,0,2,2
985,2,2,2,2,0,4,0,1,2,1,1,3,1,0,2,2,2,3,0,3,1,2,2,2,3,0,3,1
986,2,3,2,2,0,3,1,2,2,2,3,0,3,1,2,2,2,2,0,4,0,1,2,2,3,1,2,1
987,2,2,2,3,0,3,1,2,2,2,3,0,3,1,2,2,2,2,0,4,0,9,9,9,9,0,0,0
988,2,2,2,3,0,3,1,2,2,2,1,1,3,0,2,2,3,3,0,2,2,2,2,3,3,0,2,2
989,2,2,2,2,0,4,0,2,2,2,3,0,3,1,2,2,2,2,0,4,0,1,2,1,1,3,1,0
990,1,1,2,1,3,1,0,2,2,2,2,0,4,0,2,2,2,2,0,4,0,1,2,1,1,3,1,0
991,2,2,2,2,0,4,0,2,1,2,1,2,2,0,2,2,3,3,0,2,2,2,2,3,3,0,2,2
992,2,2,2,2,0,4,0,2,2,2,3,0,3,1,3,2,2,3,0,2,2,2,2,1,1,2,2,0
993,2,2,2,2,0,4,0,2,2,2,1,1,3,0,2,2,2,2,0,4,0,1,2,1,1,3,1,0
994,2,1,2,2,1,3,0,2,2,2,1,1,3,0,1,2,1,1,3,1,0,1,2,1,1,3,1,0
995,2,2,2,3,0,3,1,2,2,2,1,1,3,0,2,2,2,2,0,4,0,2,2,2,2,0,4,0
996,1,1,1,1,4,0,0,2,2,2,1,1,3,0,2,2,3,3,0,2,2,1,2,2,1,2,2,0
997,3,2,2,3,0,2,2,2,2,2,2,0,4,0,2,2,3,2,0,3,1,1,1,1,1,4,0,0
998,2,2,2,1,1,3,0,2,2,1,1,2,2,0,2,2,3,3,0,2,2,1,2,1,1,3,1,0
999,2,1,1,1,3,1,0,2,2,2,1,1,3,0,2,2,2,3,0,3,1,1,2,1,1,3,1,0
1000,2,2,2,1,1,3,0,2,2,2,1,1,3,0,2,2,2,2,0,4,0,1,2,1,1,3,1,0
