"id","c1_us","c2_us","c5_us","c6_us","us1count","us2count","us3count","c3_chn","c4_chn","c7_chn","c10_chn","chn1count","chn2count","chn3count","c1_sko","c3_sko","c5_sko","c7_sko","sko1count","sko2count","sko3count","c2_nko","c4_nko","c6_nko","c10_nko","nko1count","nko2count","nko3count","us_final","chn_final","sko_final","nko_final","us_final2","chn_final2","sko_final2","nko_final2"
1,1,1,2,2,2,2,0,2,2,3,3,0,2,2,2,2,2,2,0,4,0,1,2,1,1,3,1,0,1,3,2,1,2,2,2,1
2,1,2,2,2,1,3,0,2,2,2,2,0,4,0,2,2,2,2,0,4,0,NA,NA,NA,NA,NA,NA,NA,2,2,2,NA,2,2,2,NA
3,2,2,2,1,1,3,0,3,3,3,3,0,0,4,2,3,3,3,0,1,3,1,1,3,1,3,0,1,2,3,3,1,2,3,3,1
4,2,1,2,2,1,3,0,2,2,1,1,2,2,0,1,2,2,2,1,3,0,2,2,3,1,1,2,1,2,1,2,2,2,2,2,2
5,3,3,3,3,0,0,4,2,2,2,2,0,4,0,2,2,1,2,1,3,0,2,2,3,3,0,2,2,3,2,2,3,3,2,2,2
6,2,2,2,2,0,4,0,2,2,2,2,0,4,0,2,2,2,2,0,4,0,2,2,1,2,1,3,0,2,2,2,2,2,2,2,2
7,3,3,3,3,0,0,4,2,2,2,2,0,4,0,1,2,1,1,3,1,0,3,2,3,3,0,1,3,3,2,1,3,3,2,1,3
8,2,2,2,3,0,3,1,2,2,3,2,0,3,1,1,2,2,2,1,3,0,1,1,1,1,4,0,0,2,2,2,1,2,2,2,1
9,2,1,1,1,3,1,0,2,2,2,2,0,4,0,2,2,2,2,0,4,0,2,1,2,1,2,2,0,1,2,2,1,1,2,2,2
10,2,2,2,2,0,4,0,2,2,2,2,0,4,0,2,2,2,2,0,4,0,1,2,3,1,2,1,1,2,2,2,2,2,2,2,2
11,2,2,2,2,0,4,0,2,3,2,2,0,3,1,1,1,1,1,4,0,0,2,2,3,2,0,3,1,2,2,1,2,2,2,1,2
12,1,1,2,1,3,1,0,2,1,1,1,3,1,0,2,2,2,3,0,3,1,3,2,3,2,0,2,2,1,1,2,3,1,1,2,2
13,2,2,2,3,0,3,1,1,1,1,1,4,0,0,3,3,3,3,0,0,4,3,2,3,3,0,1,3,2,1,3,3,2,1,3,3
14,1,2,2,3,1,2,1,3,3,3,3,0,0,4,2,1,3,2,1,2,1,2,2,3,2,0,3,1,2,3,2,2,2,3,2,2
15,2,3,2,2,0,3,1,2,2,3,3,0,2,2,1,2,2,2,1,3,0,1,2,3,2,1,2,1,2,3,2,2,2,2,2,2
16,3,2,2,3,0,2,2,2,1,1,1,3,1,0,3,2,2,2,0,3,1,3,2,3,1,1,1,2,3,1,2,2,2,1,2,2
17,2,2,2,3,0,3,1,2,2,1,1,2,2,0,2,2,2,2,0,4,0,1,1,1,1,4,0,0,2,1,2,1,2,2,2,1
18,2,2,2,2,0,4,0,2,2,1,1,2,2,0,2,2,2,2,0,4,0,2,1,1,1,3,1,0,2,1,2,1,2,2,2,1
19,2,3,2,3,0,2,2,2,2,1,1,2,2,0,2,2,2,2,0,4,0,NA,NA,NA,NA,NA,NA,NA,3,1,2,NA,2,2,2,NA
20,2,2,2,2,0,4,0,2,2,2,2,0,4,0,1,1,2,1,3,1,0,2,2,2,3,0,3,1,2,2,1,2,2,2,1,2
21,1,2,2,1,2,2,0,2,1,1,2,2,2,0,2,2,2,2,0,4,0,3,2,3,3,0,1,3,1,1,2,3,2,2,2,3
22,1,1,1,1,4,0,0,1,1,1,1,4,0,0,2,2,2,2,0,4,0,2,2,1,1,2,2,0,1,1,2,1,1,1,2,2
23,3,3,3,3,0,0,4,2,1,2,2,1,3,0,2,2,2,2,0,4,0,3,2,3,2,0,2,2,3,2,2,3,3,2,2,2
24,1,1,1,1,4,0,0,2,1,2,1,2,2,0,2,2,3,3,0,2,2,1,2,2,2,1,3,0,1,1,3,2,1,2,2,2
25,2,1,2,3,1,2,1,2,1,1,1,3,1,0,3,2,2,2,0,3,1,1,2,1,1,3,1,0,2,1,2,1,2,1,2,1
26,1,1,1,1,4,0,0,3,3,3,3,0,0,4,1,2,2,2,1,3,0,1,1,1,1,4,0,0,1,3,2,1,1,3,2,1
27,2,2,2,2,0,4,0,2,2,2,2,0,4,0,2,2,2,2,0,4,0,1,2,2,1,2,2,0,2,2,2,1,2,2,2,2
28,2,2,2,3,0,3,1,2,3,3,3,0,1,3,2,2,2,3,0,3,1,1,1,2,2,2,2,0,2,3,2,1,2,3,2,2
29,2,2,2,1,1,3,0,1,1,1,1,4,0,0,2,2,2,2,0,4,0,2,2,2,2,0,4,0,2,1,2,2,2,1,2,2
30,2,3,2,3,0,2,2,2,3,2,3,0,2,2,2,2,2,2,0,4,0,3,2,3,3,0,1,3,3,3,2,3,2,2,2,3
31,2,2,2,1,1,3,0,2,1,1,1,3,1,0,2,2,2,3,0,3,1,2,2,2,2,0,4,0,2,1,2,2,2,1,2,2
32,2,2,2,2,0,4,0,3,3,3,3,0,0,4,2,2,2,2,0,4,0,2,2,3,2,0,3,1,2,3,2,2,2,3,2,2
33,2,2,2,1,1,3,0,2,3,3,2,0,2,2,2,2,2,2,0,4,0,2,2,3,2,0,3,1,2,3,2,2,2,2,2,2
34,2,2,1,1,2,2,0,3,3,2,2,0,2,2,2,2,2,2,0,4,0,2,3,3,3,0,1,3,1,3,2,3,2,2,2,3
35,2,2,2,3,0,3,1,2,2,2,2,0,4,0,1,2,2,2,1,3,0,3,2,3,3,0,1,3,2,2,2,3,2,2,2,3
36,2,2,1,1,2,2,0,3,3,3,3,0,0,4,2,2,2,2,0,4,0,3,2,1,3,1,1,2,1,3,2,2,2,3,2,2
37,2,3,2,3,0,2,2,2,1,1,1,3,1,0,2,2,2,2,0,4,0,2,2,3,2,0,3,1,3,1,2,2,2,1,2,2
38,2,2,2,3,0,3,1,2,2,1,1,2,2,0,2,2,2,2,0,4,0,1,1,3,1,3,0,1,2,1,2,1,2,2,2,1
39,3,2,2,3,0,2,2,1,1,1,1,4,0,0,2,2,3,2,0,3,1,1,2,3,1,2,1,1,3,1,2,2,2,1,2,2
40,2,2,1,1,2,2,0,2,3,3,3,0,1,3,2,2,2,2,0,4,0,2,2,3,3,0,2,2,1,3,2,3,2,3,2,2
41,1,2,2,2,1,3,0,2,1,2,1,2,2,0,2,2,2,2,0,4,0,1,2,2,2,1,3,0,2,1,2,2,2,2,2,2
42,2,2,2,3,0,3,1,2,2,2,2,0,4,0,2,2,2,2,0,4,0,1,1,1,1,4,0,0,2,2,2,1,2,2,2,1
43,3,2,3,3,0,1,3,2,2,2,1,1,3,0,2,2,2,2,0,4,0,3,2,3,3,0,1,3,3,2,2,3,3,2,2,3
44,2,2,2,3,0,3,1,1,1,1,1,4,0,0,2,2,2,2,0,4,0,1,2,1,1,3,1,0,2,1,2,1,2,1,2,1
45,2,2,2,3,0,3,1,2,2,2,2,0,4,0,2,2,2,2,0,4,0,1,2,1,1,3,1,0,2,2,2,1,2,2,2,1
46,2,2,2,2,0,4,0,1,2,1,1,3,1,0,1,2,2,2,1,3,0,1,2,1,1,3,1,0,2,1,2,1,2,1,2,1
47,3,2,2,3,0,2,2,2,2,2,2,0,4,0,2,2,2,2,0,4,0,1,2,3,1,2,1,1,3,2,2,2,2,2,2,2
48,2,1,2,1,2,2,0,1,1,1,1,4,0,0,2,2,2,2,0,4,0,2,2,3,2,0,3,1,1,1,2,2,2,1,2,2
49,2,2,2,3,0,3,1,2,1,1,1,3,1,0,2,2,2,2,0,4,0,1,2,2,1,2,2,0,2,1,2,1,2,1,2,2
50,2,2,2,1,1,3,0,2,2,3,1,1,2,1,1,2,2,1,2,2,0,1,2,2,1,2,2,0,2,2,1,1,2,2,2,2
51,3,3,3,3,0,0,4,2,2,2,1,1,3,0,2,2,2,2,0,4,0,2,2,1,2,1,3,0,3,2,2,2,3,2,2,2
52,2,2,2,3,0,3,1,2,2,1,1,2,2,0,1,2,2,2,1,3,0,1,1,1,1,4,0,0,2,1,2,1,2,2,2,1
53,2,2,2,3,0,3,1,2,2,2,2,0,4,0,3,3,3,3,0,0,4,1,2,3,2,1,2,1,2,2,3,2,2,2,3,2
54,2,3,2,3,0,2,2,2,2,2,2,0,4,0,2,2,2,2,0,4,0,3,2,3,2,0,2,2,3,2,2,3,2,2,2,2
55,2,2,2,1,1,3,0,2,2,2,2,0,4,0,2,2,2,2,0,4,0,3,2,3,2,0,2,2,2,2,2,3,2,2,2,2
56,2,2,2,3,0,3,1,2,1,1,1,3,1,0,2,2,2,2,0,4,0,2,2,2,1,1,3,0,2,1,2,2,2,1,2,2
57,2,2,2,1,1,3,0,2,2,2,1,1,3,0,2,2,2,2,0,4,0,2,2,3,3,0,2,2,2,2,2,3,2,2,2,2
58,1,1,2,2,2,2,0,2,2,2,2,0,4,0,2,2,2,2,0,4,0,1,1,2,1,3,1,0,1,2,2,1,2,2,2,1
59,3,2,2,3,0,2,2,2,3,2,3,0,2,2,2,2,2,3,0,3,1,3,2,3,3,0,1,3,3,3,2,3,2,2,2,3
60,1,1,2,3,2,1,1,2,3,3,3,0,1,3,3,3,2,3,0,1,3,2,2,3,3,0,2,2,2,3,3,3,2,3,3,2
61,2,3,3,3,0,1,3,2,2,2,3,0,3,1,2,2,2,3,0,3,1,1,2,3,3,1,1,2,3,2,2,2,3,2,2,2
62,2,2,2,3,0,3,1,2,2,2,3,0,3,1,2,2,2,1,1,3,0,1,1,3,1,3,0,1,2,2,2,1,2,2,2,1
63,2,3,2,3,0,2,2,1,1,1,1,4,0,0,2,2,2,2,0,4,0,1,2,3,3,1,1,2,3,1,2,2,2,1,2,2
64,2,2,2,3,0,3,1,2,1,2,1,2,2,0,2,3,2,3,0,2,2,2,3,3,3,0,1,3,2,1,3,3,2,2,2,3
65,2,2,2,2,0,4,0,2,2,2,2,0,4,0,2,2,2,2,0,4,0,2,2,3,3,0,2,2,2,2,2,3,2,2,2,2
66,2,2,2,1,1,3,0,2,2,2,3,0,3,1,3,2,2,3,0,2,2,2,2,2,2,0,4,0,2,2,3,2,2,2,2,2
67,2,2,2,2,0,4,0,2,1,1,1,3,1,0,2,2,2,2,0,4,0,3,2,3,3,0,1,3,2,1,2,3,2,1,2,3
68,2,2,2,3,0,3,1,2,1,1,2,2,2,0,1,1,2,2,2,2,0,2,2,3,2,0,3,1,2,1,1,2,2,2,2,2
69,2,2,2,3,0,3,1,1,1,1,1,4,0,0,2,2,2,2,0,4,0,2,2,3,2,0,3,1,2,1,2,2,2,1,2,2
70,2,2,2,2,0,4,0,2,2,1,1,2,2,0,2,3,3,3,0,1,3,3,2,3,3,0,1,3,2,1,3,3,2,2,3,3
71,2,2,2,3,0,3,1,2,2,2,2,0,4,0,2,2,2,2,0,4,0,1,1,1,1,4,0,0,2,2,2,1,2,2,2,1
72,1,2,2,1,2,2,0,2,2,2,3,0,3,1,2,2,2,2,0,4,0,1,2,3,1,2,1,1,1,2,2,2,2,2,2,2
73,2,2,2,1,1,3,0,2,2,3,2,0,3,1,1,2,2,1,2,2,0,2,2,3,2,0,3,1,2,2,1,2,2,2,2,2
74,2,2,2,2,0,4,0,1,2,2,1,2,2,0,2,2,2,2,0,4,0,1,2,1,1,3,1,0,2,1,2,1,2,2,2,1
75,2,2,2,3,0,3,1,2,2,2,2,0,4,0,2,2,2,2,0,4,0,1,2,2,1,2,2,0,2,2,2,1,2,2,2,2
76,2,2,2,3,0,3,1,2,2,3,3,0,2,2,2,2,2,2,0,4,0,2,2,3,3,0,2,2,2,3,2,3,2,2,2,2
77,1,2,2,3,1,2,1,1,1,1,1,4,0,0,1,2,2,2,1,3,0,2,2,1,1,2,2,0,2,1,2,1,2,1,2,2
78,2,2,3,3,0,2,2,2,1,1,1,3,1,0,2,2,2,2,0,4,0,1,2,2,2,1,3,0,3,1,2,2,2,1,2,2
79,2,3,3,3,0,1,3,1,1,1,1,4,0,0,2,2,2,2,0,4,0,1,1,1,1,4,0,0,3,1,2,1,3,1,2,1
80,3,3,2,3,0,1,3,2,2,2,1,1,3,0,2,2,2,2,0,4,0,3,2,3,3,0,1,3,3,2,2,3,3,2,2,3
81,1,2,1,1,3,1,0,3,2,3,3,0,1,3,2,2,2,2,0,4,0,NA,NA,NA,NA,NA,NA,NA,1,3,2,NA,1,3,2,NA
82,1,1,2,1,3,1,0,2,2,3,3,0,2,2,2,3,2,3,0,2,2,3,2,3,2,0,2,2,1,3,3,3,1,2,2,2
83,2,3,2,2,0,3,1,2,2,2,2,0,4,0,2,2,2,2,0,4,0,1,1,1,1,4,0,0,2,2,2,1,2,2,2,1
84,1,1,1,1,4,0,0,2,2,2,1,1,3,0,1,2,2,2,1,3,0,2,2,2,1,1,3,0,1,2,2,2,1,2,2,2
85,2,2,2,2,0,4,0,2,2,2,1,1,3,0,2,2,2,2,0,4,0,3,2,3,3,0,1,3,2,2,2,3,2,2,2,3
86,1,1,1,1,4,0,0,2,2,2,1,1,3,0,1,2,1,2,2,2,0,2,2,2,2,0,4,0,1,2,1,2,1,2,2,2
87,1,1,2,1,3,1,0,3,3,2,3,0,1,3,2,2,2,2,0,4,0,1,1,1,1,4,0,0,1,3,2,1,1,3,2,1
88,2,2,2,1,1,3,0,2,2,2,2,0,4,0,1,1,1,1,4,0,0,1,2,1,1,3,1,0,2,2,1,1,2,2,1,1
89,1,1,2,2,2,2,0,2,2,2,1,1,3,0,2,2,2,2,0,4,0,1,2,3,2,1,2,1,1,2,2,2,2,2,2,2
90,1,2,1,1,3,1,0,2,2,2,2,0,4,0,1,1,1,1,4,0,0,3,2,2,3,0,2,2,1,2,1,3,1,2,1,2
91,2,2,2,2,0,4,0,2,2,2,2,0,4,0,1,1,1,1,4,0,0,2,2,3,1,1,2,1,2,2,1,2,2,2,1,2
92,2,2,2,2,0,4,0,2,2,2,1,1,3,0,2,2,2,2,0,4,0,1,2,2,1,2,2,0,2,2,2,1,2,2,2,2
93,1,2,2,1,2,2,0,2,2,2,2,0,4,0,2,2,2,2,0,4,0,3,2,3,3,0,1,3,1,2,2,3,2,2,2,3
94,1,1,2,3,2,1,1,2,2,2,2,0,4,0,1,2,1,1,3,1,0,1,2,1,1,3,1,0,2,2,1,1,2,2,1,1
95,1,2,2,1,2,2,0,3,2,3,3,0,1,3,2,2,2,2,0,4,0,2,2,3,3,0,2,2,1,3,2,3,2,3,2,2
96,2,2,2,2,0,4,0,2,2,2,2,0,4,0,2,2,2,2,0,4,0,2,2,3,2,0,3,1,2,2,2,2,2,2,2,2
97,2,2,2,1,1,3,0,2,2,2,2,0,4,0,2,2,2,2,0,4,0,2,2,3,3,0,2,2,2,2,2,3,2,2,2,2
98,3,2,2,3,0,2,2,2,3,3,2,0,2,2,2,2,2,2,0,4,0,1,2,2,1,2,2,0,3,3,2,1,2,2,2,2
99,1,2,2,3,1,2,1,2,1,2,1,2,2,0,2,2,2,2,0,4,0,2,2,2,1,1,3,0,2,1,2,2,2,2,2,2
100,1,1,1,1,4,0,0,2,2,2,3,0,3,1,1,1,1,1,4,0,0,1,2,2,1,2,2,0,1,2,1,1,1,2,1,2
101,2,1,2,1,2,2,0,2,2,2,3,0,3,1,2,2,2,2,0,4,0,2,2,3,3,0,2,2,1,2,2,3,2,2,2,2
102,2,2,2,1,1,3,0,2,2,2,3,0,3,1,2,2,2,2,0,4,0,2,2,3,3,0,2,2,2,2,2,3,2,2,2,2
103,2,2,2,1,1,3,0,2,2,2,2,0,4,0,2,2,2,2,0,4,0,2,2,2,2,0,4,0,2,2,2,2,2,2,2,2
104,2,2,2,2,0,4,0,3,2,2,3,0,2,2,2,2,2,2,0,4,0,2,2,3,3,0,2,2,2,3,2,3,2,2,2,2
105,1,2,2,1,2,2,0,2,2,2,2,0,4,0,2,2,2,2,0,4,0,1,2,1,1,3,1,0,1,2,2,1,2,2,2,1
106,2,2,2,3,0,3,1,1,1,1,1,4,0,0,2,2,2,3,0,3,1,1,2,3,2,1,2,1,2,1,2,2,2,1,2,2
107,2,2,2,3,0,3,1,2,3,2,3,0,2,2,2,2,2,2,0,4,0,2,2,2,2,0,4,0,2,3,2,2,2,2,2,2
108,3,3,3,3,0,0,4,1,1,1,1,4,0,0,2,2,2,2,0,4,0,2,2,3,3,0,2,2,3,1,2,3,3,1,2,2
109,1,2,2,1,2,2,0,1,1,1,1,4,0,0,2,2,2,2,0,4,0,1,1,2,1,3,1,0,1,1,2,1,2,1,2,1
110,2,2,2,1,1,3,0,1,1,1,1,4,0,0,3,2,2,3,0,2,2,NA,NA,NA,NA,NA,NA,NA,2,1,3,NA,2,1,2,NA
111,2,1,2,1,2,2,0,2,2,2,2,0,4,0,2,2,2,2,0,4,0,3,3,3,3,0,0,4,1,2,2,3,2,2,2,3
112,3,3,3,3,0,0,4,2,2,2,2,0,4,0,2,2,2,2,0,4,0,2,2,3,2,0,3,1,3,2,2,2,3,2,2,2
113,2,2,2,3,0,3,1,1,2,2,2,1,3,0,1,2,1,1,3,1,0,3,2,3,3,0,1,3,2,2,1,3,2,2,1,3
114,2,1,2,1,2,2,0,1,1,1,1,4,0,0,1,1,1,1,4,0,0,2,2,2,2,0,4,0,1,1,1,2,2,1,1,2
115,2,2,2,3,0,3,1,2,1,2,1,2,2,0,2,2,2,3,0,3,1,1,2,3,2,1,2,1,2,1,2,2,2,2,2,2
116,1,1,2,1,3,1,0,2,2,2,2,0,4,0,2,2,2,2,0,4,0,1,2,3,1,2,1,1,1,2,2,2,1,2,2,2
117,2,2,2,1,1,3,0,1,1,1,1,4,0,0,2,2,2,2,0,4,0,2,2,3,2,0,3,1,2,1,2,2,2,1,2,2
118,2,1,2,1,2,2,0,2,2,2,2,0,4,0,2,2,2,3,0,3,1,2,2,3,2,0,3,1,1,2,2,2,2,2,2,2
119,2,2,2,1,1,3,0,1,1,1,1,4,0,0,2,2,2,2,0,4,0,1,2,3,1,2,1,1,2,1,2,2,2,1,2,2
120,1,1,1,1,4,0,0,2,2,2,2,0,4,0,2,2,2,2,0,4,0,NA,NA,NA,NA,NA,NA,NA,1,2,2,NA,1,2,2,NA
121,2,2,2,2,0,4,0,2,2,2,3,0,3,1,2,2,2,2,0,4,0,2,2,3,2,0,3,1,2,2,2,2,2,2,2,2
122,2,2,2,2,0,4,0,2,2,2,1,1,3,0,2,2,2,2,0,4,0,1,2,2,1,2,2,0,2,2,2,1,2,2,2,2
123,NA,NA,NA,NA,NA,NA,NA,1,2,1,1,3,1,0,2,2,2,2,0,4,0,1,2,1,1,3,1,0,NA,1,2,1,NA,1,2,1
124,2,2,2,3,0,3,1,1,1,1,1,4,0,0,1,1,1,2,3,1,0,3,2,3,3,0,1,3,2,1,1,3,2,1,1,3
125,2,3,2,3,0,2,2,3,2,2,2,0,3,1,3,3,2,3,0,1,3,1,2,3,1,2,1,1,3,2,3,2,2,2,3,2
126,NA,NA,NA,NA,NA,NA,NA,2,2,2,1,1,3,0,3,2,2,2,0,3,1,1,2,2,2,1,3,0,NA,2,2,2,NA,2,2,2
127,2,3,2,3,0,2,2,1,1,1,1,4,0,0,2,2,2,3,0,3,1,2,3,3,3,0,1,3,3,1,2,3,2,1,2,3
128,2,3,2,3,0,2,2,1,1,1,1,4,0,0,2,2,2,2,0,4,0,1,1,1,1,4,0,0,3,1,2,1,2,1,2,1
129,2,2,2,3,0,3,1,1,1,1,1,4,0,0,1,1,1,1,4,0,0,2,2,3,2,0,3,1,2,1,1,2,2,1,1,2
130,2,3,3,3,0,1,3,2,2,1,1,2,2,0,2,2,2,2,0,4,0,1,2,1,1,3,1,0,3,1,2,1,3,2,2,1
131,NA,NA,NA,NA,NA,NA,NA,1,2,1,1,3,1,0,2,2,2,2,0,4,0,1,2,3,1,2,1,1,NA,1,2,2,NA,1,2,2
132,1,2,2,3,1,2,1,3,3,3,3,0,0,4,2,2,2,2,0,4,0,2,2,3,1,1,2,1,2,3,2,2,2,3,2,2
133,2,1,2,3,1,2,1,1,2,1,1,3,1,0,2,2,2,2,0,4,0,1,1,1,1,4,0,0,2,1,2,1,2,1,2,1
134,2,2,2,3,0,3,1,2,2,2,2,0,4,0,3,2,2,3,0,2,2,2,1,1,1,3,1,0,2,2,3,1,2,2,2,1
135,3,2,2,3,0,2,2,1,1,1,1,4,0,0,3,3,3,3,0,0,4,2,2,3,2,0,3,1,3,1,3,2,2,1,3,2
136,2,3,2,1,1,2,1,2,2,2,3,0,3,1,2,2,2,2,0,4,0,1,2,2,3,1,2,1,2,2,2,2,2,2,2,2
137,2,2,2,3,0,3,1,2,2,2,2,0,4,0,2,2,2,3,0,3,1,3,2,3,3,0,1,3,2,2,2,3,2,2,2,3
138,2,1,2,3,1,2,1,2,2,2,2,0,4,0,1,2,1,1,3,1,0,1,2,3,2,1,2,1,2,2,1,2,2,2,1,2
139,1,2,1,3,2,1,1,2,2,2,2,0,4,0,2,2,2,2,0,4,0,3,2,3,3,0,1,3,2,2,2,3,2,2,2,3
140,2,1,2,1,2,2,0,1,2,1,1,3,1,0,2,2,2,2,0,4,0,2,2,2,1,1,3,0,1,1,2,2,2,1,2,2
141,3,3,2,3,0,1,3,1,1,2,1,3,1,0,2,2,2,2,0,4,0,1,2,1,1,3,1,0,3,1,2,1,3,1,2,1
142,2,2,2,3,0,3,1,2,2,2,2,0,4,0,2,2,2,2,0,4,0,1,2,3,1,2,1,1,2,2,2,2,2,2,2,2
143,1,2,1,1,3,1,0,2,2,2,1,1,3,0,3,2,3,2,0,2,2,1,2,3,1,2,1,1,1,2,3,2,1,2,2,2
144,2,2,2,3,0,3,1,2,2,2,1,1,3,0,2,2,2,2,0,4,0,1,2,3,3,1,1,2,2,2,2,2,2,2,2,2
145,2,3,2,1,1,2,1,1,2,2,1,2,2,0,3,3,3,3,0,0,4,2,2,3,1,1,2,1,2,1,3,2,2,2,3,2
146,1,2,1,1,3,1,0,1,1,1,1,4,0,0,2,2,2,2,0,4,0,1,2,2,1,2,2,0,1,1,2,1,1,1,2,2
147,2,2,2,1,1,3,0,2,2,2,1,1,3,0,2,2,2,2,0,4,0,1,1,1,1,4,0,0,2,2,2,1,2,2,2,1
148,2,1,2,3,1,2,1,1,1,1,1,4,0,0,2,2,2,2,0,4,0,1,1,1,1,4,0,0,2,1,2,1,2,1,2,1
149,2,2,2,1,1,3,0,2,2,2,1,1,3,0,2,2,2,3,0,3,1,1,1,1,1,4,0,0,2,2,2,1,2,2,2,1
150,2,2,2,1,1,3,0,2,2,2,2,0,4,0,3,2,2,3,0,2,2,2,2,3,2,0,3,1,2,2,3,2,2,2,2,2
151,1,2,2,1,2,2,0,2,2,2,2,0,4,0,1,1,1,1,4,0,0,2,1,1,1,3,1,0,1,2,1,1,2,2,1,1
152,2,3,2,3,0,2,2,1,1,1,1,4,0,0,2,2,2,2,0,4,0,1,3,3,3,1,0,3,3,1,2,3,2,1,2,3
153,2,2,2,2,0,4,0,1,1,1,1,4,0,0,2,2,2,2,0,4,0,2,3,3,3,0,1,3,2,1,2,3,2,1,2,3
154,1,1,1,1,4,0,0,1,2,1,1,3,1,0,2,2,2,2,0,4,0,2,1,1,2,2,2,0,1,1,2,1,1,1,2,2
155,2,2,2,1,1,3,0,2,2,2,1,1,3,0,2,2,2,2,0,4,0,NA,NA,NA,NA,NA,NA,NA,2,2,2,NA,2,2,2,NA
156,2,2,2,3,0,3,1,2,2,2,1,1,3,0,2,2,2,2,0,4,0,2,2,3,3,0,2,2,2,2,2,3,2,2,2,2
157,1,1,1,1,4,0,0,1,1,2,1,3,1,0,2,2,2,2,0,4,0,2,2,3,3,0,2,2,1,1,2,3,1,1,2,2
158,2,3,2,2,0,3,1,2,2,2,3,0,3,1,2,2,2,2,0,4,0,1,2,1,1,3,1,0,2,2,2,1,2,2,2,1
159,2,2,2,3,0,3,1,2,2,3,3,0,2,2,2,2,2,3,0,3,1,2,2,2,2,0,4,0,2,3,2,2,2,2,2,2
160,3,2,2,3,0,2,2,2,2,2,2,0,4,0,2,2,2,2,0,4,0,3,2,3,1,1,1,2,3,2,2,2,2,2,2,2
161,2,2,2,3,0,3,1,2,2,2,2,0,4,0,2,3,2,2,0,3,1,2,2,3,3,0,2,2,2,2,2,3,2,2,2,2
162,2,2,2,1,1,3,0,2,2,2,1,1,3,0,2,2,2,2,0,4,0,1,2,2,1,2,2,0,2,2,2,1,2,2,2,2
163,2,3,2,3,0,2,2,2,2,3,3,0,2,2,2,2,2,2,0,4,0,1,2,1,2,2,2,0,3,3,2,1,2,2,2,2
164,1,2,2,3,1,2,1,1,1,1,1,4,0,0,2,2,2,2,0,4,0,2,2,1,1,2,2,0,2,1,2,1,2,1,2,2
165,NA,NA,NA,NA,NA,NA,NA,2,1,1,1,3,1,0,3,3,2,3,0,1,3,1,1,1,1,4,0,0,NA,1,3,1,NA,1,3,1
166,2,1,2,3,1,2,1,2,2,2,3,0,3,1,2,2,2,2,0,4,0,2,2,2,3,0,3,1,2,2,2,2,2,2,2,2
167,2,2,2,1,1,3,0,2,2,2,3,0,3,1,2,2,2,2,0,4,0,NA,NA,NA,NA,NA,NA,NA,2,2,2,NA,2,2,2,NA
168,1,1,2,1,3,1,0,2,2,2,3,0,3,1,2,2,2,2,0,4,0,2,2,1,1,2,2,0,1,2,2,1,1,2,2,2
169,2,2,2,3,0,3,1,2,2,2,2,0,4,0,2,2,3,2,0,3,1,2,2,3,1,1,2,1,2,2,2,2,2,2,2,2
170,1,1,1,1,4,0,0,2,2,2,1,1,3,0,2,2,2,2,0,4,0,1,2,3,1,2,1,1,1,2,2,2,1,2,2,2
171,2,2,2,3,0,3,1,2,2,2,3,0,3,1,1,2,2,2,1,3,0,2,2,2,2,0,4,0,2,2,2,2,2,2,2,2
172,2,1,2,1,2,2,0,2,2,2,2,0,4,0,2,2,2,2,0,4,0,1,1,1,1,4,0,0,1,2,2,1,2,2,2,1
173,2,2,2,3,0,3,1,2,2,2,2,0,4,0,2,2,2,2,0,4,0,3,2,2,3,0,2,2,2,2,2,3,2,2,2,2
174,1,1,2,1,3,1,0,1,1,1,1,4,0,0,3,3,3,3,0,0,4,1,2,3,2,1,2,1,1,1,3,2,1,1,3,2
175,2,2,2,3,0,3,1,2,2,2,1,1,3,0,3,2,2,2,0,3,1,1,2,3,3,1,1,2,2,2,2,2,2,2,2,2
176,1,2,1,2,2,2,0,1,1,1,1,4,0,0,2,2,2,2,0,4,0,1,2,1,1,3,1,0,1,1,2,1,2,1,2,1
177,2,1,2,1,2,2,0,1,1,1,1,4,0,0,1,1,1,1,4,0,0,1,2,2,2,1,3,0,1,1,1,2,2,1,1,2
178,2,3,2,3,0,2,2,2,2,2,3,0,3,1,1,1,2,2,2,2,0,2,2,3,3,0,2,2,3,2,1,3,2,2,2,2
179,2,2,2,3,0,3,1,1,2,1,1,3,1,0,2,2,2,2,0,4,0,1,2,3,2,1,2,1,2,1,2,2,2,1,2,2
180,2,2,2,1,1,3,0,2,2,2,2,0,4,0,2,2,2,2,0,4,0,2,2,3,2,0,3,1,2,2,2,2,2,2,2,2
181,3,2,2,3,0,2,2,2,2,2,3,0,3,1,2,2,2,2,0,4,0,1,2,3,1,2,1,1,3,2,2,2,2,2,2,2
182,2,3,2,3,0,2,2,2,2,2,3,0,3,1,2,2,1,2,1,3,0,1,1,1,1,4,0,0,3,2,2,1,2,2,2,1
183,2,2,2,3,0,3,1,1,1,2,1,3,1,0,2,2,2,2,0,4,0,2,2,3,3,0,2,2,2,1,2,3,2,1,2,2
184,2,1,2,3,1,2,1,2,2,3,3,0,2,2,1,1,2,1,3,1,0,1,1,1,1,4,0,0,2,3,1,1,2,2,1,1
185,1,1,1,1,4,0,0,3,2,3,3,0,1,3,2,2,1,2,1,3,0,2,2,1,1,2,2,0,1,3,2,1,1,3,2,2
186,2,3,2,3,0,2,2,1,2,1,1,3,1,0,1,1,1,1,4,0,0,1,2,3,1,2,1,1,3,1,1,2,2,1,1,2
187,2,3,3,3,0,1,3,2,2,2,1,1,3,0,2,2,2,3,0,3,1,1,2,3,1,2,1,1,3,2,2,2,3,2,2,2
188,2,1,2,1,2,2,0,2,2,2,1,1,3,0,1,2,2,2,1,3,0,2,2,3,2,0,3,1,1,2,2,2,2,2,2,2
189,2,1,2,1,2,2,0,2,1,1,1,3,1,0,2,2,2,2,0,4,0,1,1,1,1,4,0,0,1,1,2,1,2,1,2,1
190,2,3,2,3,0,2,2,2,1,1,1,3,1,0,2,3,3,3,0,1,3,1,1,1,1,4,0,0,3,1,3,1,2,1,3,1
191,2,2,2,1,1,3,0,2,2,1,1,2,2,0,3,2,2,2,0,3,1,1,2,1,1,3,1,0,2,1,2,1,2,2,2,1
192,2,2,2,3,0,3,1,2,2,2,3,0,3,1,2,2,2,2,0,4,0,1,2,3,1,2,1,1,2,2,2,2,2,2,2,2
193,1,2,2,3,1,2,1,2,2,2,2,0,4,0,2,2,2,2,0,4,0,1,1,3,2,2,1,1,2,2,2,2,2,2,2,2
194,1,1,2,1,3,1,0,2,2,2,3,0,3,1,3,2,3,2,0,2,2,2,2,3,3,0,2,2,1,2,3,3,1,2,2,2
195,2,2,2,1,1,3,0,2,2,2,2,0,4,0,2,2,2,2,0,4,0,3,2,3,3,0,1,3,2,2,2,3,2,2,2,3
196,2,3,2,3,0,2,2,2,2,2,2,0,4,0,3,3,3,3,0,0,4,2,2,3,3,0,2,2,3,2,3,3,2,2,3,2
197,1,1,1,1,4,0,0,2,2,2,3,0,3,1,NA,NA,NA,NA,NA,NA,NA,2,2,3,2,0,3,1,1,2,NA,2,1,2,NA,2
198,2,1,2,1,2,2,0,2,2,2,1,1,3,0,2,2,2,2,0,4,0,1,2,2,2,1,3,0,1,2,2,2,2,2,2,2
199,2,2,2,3,0,3,1,2,2,2,3,0,3,1,2,2,3,3,0,2,2,1,2,1,1,3,1,0,2,2,3,1,2,2,2,1
200,2,2,2,3,0,3,1,2,3,3,3,0,1,3,2,2,2,3,0,3,1,1,2,2,1,2,2,0,2,3,2,1,2,3,2,2
201,3,3,3,3,0,0,4,2,2,2,1,1,3,0,2,2,2,2,0,4,0,NA,NA,NA,NA,NA,NA,NA,3,2,2,NA,3,2,2,NA
202,2,3,2,3,0,2,2,1,2,1,1,3,1,0,2,2,3,2,0,3,1,1,2,1,1,3,1,0,3,1,2,1,2,1,2,1
203,2,2,2,1,1,3,0,2,2,3,3,0,2,2,2,2,2,2,0,4,0,2,2,1,2,1,3,0,2,3,2,2,2,2,2,2
204,2,2,2,3,0,3,1,2,1,1,1,3,1,0,2,2,2,2,0,4,0,1,2,3,1,2,1,1,2,1,2,2,2,1,2,2
205,2,2,2,3,0,3,1,2,2,2,3,0,3,1,2,2,2,2,0,4,0,1,1,2,1,3,1,0,2,2,2,1,2,2,2,1
206,2,3,2,3,0,2,2,2,2,2,3,0,3,1,1,2,1,2,2,2,0,2,2,3,3,0,2,2,3,2,1,3,2,2,2,2
207,2,2,2,3,0,3,1,3,2,3,3,0,1,3,2,2,2,2,0,4,0,2,3,3,2,0,2,2,2,3,2,3,2,3,2,2
208,2,2,2,3,0,3,1,2,2,2,2,0,4,0,2,2,2,2,0,4,0,NA,NA,NA,NA,NA,NA,NA,2,2,2,NA,2,2,2,NA
209,2,2,2,3,0,3,1,2,2,2,3,0,3,1,2,2,2,2,0,4,0,2,2,2,1,1,3,0,2,2,2,2,2,2,2,2
210,2,1,2,1,2,2,0,2,2,1,1,2,2,0,2,2,2,3,0,3,1,1,1,1,1,4,0,0,1,1,2,1,2,2,2,1
211,2,1,2,3,1,2,1,1,2,2,1,2,2,0,1,1,1,1,4,0,0,2,2,2,2,0,4,0,2,1,1,2,2,2,1,2
212,2,2,2,3,0,3,1,2,2,2,2,0,4,0,2,2,2,2,0,4,0,1,2,3,3,1,1,2,2,2,2,2,2,2,2,2
213,NA,NA,NA,NA,NA,NA,NA,2,2,2,3,0,3,1,1,2,2,1,2,2,0,2,2,3,3,0,2,2,NA,2,1,3,NA,2,2,2
214,2,2,2,1,1,3,0,2,2,2,1,1,3,0,2,2,2,2,0,4,0,1,2,1,1,3,1,0,2,2,2,1,2,2,2,1
215,2,1,2,1,2,2,0,2,2,3,3,0,2,2,2,2,2,2,0,4,0,2,2,1,2,1,3,0,1,3,2,2,2,2,2,2
216,2,1,2,1,2,2,0,2,2,3,3,0,2,2,1,2,2,2,1,3,0,1,1,1,1,4,0,0,1,3,2,1,2,2,2,1
217,1,1,1,1,4,0,0,2,2,2,2,0,4,0,2,2,2,2,0,4,0,1,1,1,1,4,0,0,1,2,2,1,1,2,2,1
218,1,1,2,1,3,1,0,2,2,2,3,0,3,1,2,2,2,2,0,4,0,2,2,3,3,0,2,2,1,2,2,3,1,2,2,2
219,2,3,2,3,0,2,2,1,1,2,1,3,1,0,2,2,2,2,0,4,0,2,2,1,2,1,3,0,3,1,2,2,2,1,2,2
220,2,2,2,3,0,3,1,2,2,2,3,0,3,1,1,2,1,1,3,1,0,2,2,3,1,1,2,1,2,2,1,2,2,2,1,2
221,NA,NA,NA,NA,NA,NA,NA,2,2,2,2,0,4,0,2,2,3,2,0,3,1,2,2,3,1,1,2,1,NA,2,2,2,NA,2,2,2
222,2,1,2,1,2,2,0,2,2,3,3,0,2,2,2,2,2,2,0,4,0,NA,NA,NA,NA,NA,NA,NA,1,3,2,NA,2,2,2,NA
223,2,2,2,2,0,4,0,2,2,2,1,1,3,0,2,2,2,2,0,4,0,2,2,1,2,1,3,0,2,2,2,2,2,2,2,2
224,2,1,1,1,3,1,0,2,2,2,3,0,3,1,2,2,2,3,0,3,1,1,1,1,1,4,0,0,1,2,2,1,1,2,2,1
225,2,1,2,3,1,2,1,2,2,2,1,1,3,0,1,2,2,2,1,3,0,2,2,1,1,2,2,0,2,2,2,1,2,2,2,2
226,2,2,2,3,0,3,1,2,2,2,2,0,4,0,2,2,2,2,0,4,0,1,2,1,1,3,1,0,2,2,2,1,2,2,2,1
227,3,2,2,3,0,2,2,2,1,1,1,3,1,0,2,2,3,3,0,2,2,2,2,3,3,0,2,2,3,1,3,3,2,1,2,2
228,2,2,2,2,0,4,0,1,2,1,1,3,1,0,2,3,2,3,0,2,2,2,2,1,1,2,2,0,2,1,3,1,2,1,2,2
229,2,2,2,3,0,3,1,2,2,2,3,0,3,1,2,2,2,3,0,3,1,2,2,3,3,0,2,2,2,2,2,3,2,2,2,2
230,2,1,2,1,2,2,0,3,2,3,3,0,1,3,2,2,3,2,0,3,1,2,2,3,1,1,2,1,1,3,2,2,2,3,2,2
231,NA,NA,NA,NA,NA,NA,NA,2,2,2,1,1,3,0,NA,NA,NA,NA,NA,NA,NA,1,2,1,1,3,1,0,NA,2,NA,1,NA,2,NA,1
232,2,2,2,2,0,4,0,2,1,2,1,2,2,0,2,2,2,2,0,4,0,1,1,1,1,4,0,0,2,1,2,1,2,2,2,1
233,2,3,3,2,0,2,2,2,2,2,2,0,4,0,3,2,2,2,0,3,1,2,2,3,3,0,2,2,3,2,2,3,2,2,2,2
234,3,3,3,3,0,0,4,2,1,1,1,3,1,0,2,2,2,3,0,3,1,2,2,3,1,1,2,1,3,1,2,2,3,1,2,2
235,2,3,3,3,0,1,3,2,1,2,1,2,2,0,2,2,2,1,1,3,0,1,1,1,1,4,0,0,3,1,2,1,3,2,2,1
236,2,2,3,3,0,2,2,2,2,2,1,1,3,0,2,2,2,2,0,4,0,3,2,3,3,0,1,3,3,2,2,3,2,2,2,3
237,2,2,2,3,0,3,1,1,2,1,1,3,1,0,2,2,2,2,0,4,0,3,2,3,3,0,1,3,2,1,2,3,2,1,2,3
238,2,2,2,1,1,3,0,3,3,3,3,0,0,4,2,2,2,2,0,4,0,3,2,3,3,0,1,3,2,3,2,3,2,3,2,3
239,2,1,2,3,1,2,1,2,2,2,2,0,4,0,1,2,1,2,2,2,0,3,2,3,3,0,1,3,2,2,1,3,2,2,2,3
240,2,3,2,3,0,2,2,2,1,1,1,3,1,0,2,2,2,2,0,4,0,NA,NA,NA,NA,NA,NA,NA,3,1,2,NA,2,1,2,NA
241,2,3,2,3,0,2,2,2,1,2,1,2,2,0,1,1,1,1,4,0,0,1,1,1,1,4,0,0,3,1,1,1,2,2,1,1
242,2,2,2,3,0,3,1,2,2,2,1,1,3,0,2,3,2,2,0,3,1,2,2,3,2,0,3,1,2,2,2,2,2,2,2,2
243,2,3,2,3,0,2,2,1,2,1,1,3,1,0,2,1,1,1,3,1,0,1,2,1,1,3,1,0,3,1,1,1,2,1,1,1
244,1,1,2,3,2,1,1,2,2,3,3,0,2,2,2,2,2,2,0,4,0,NA,NA,NA,NA,NA,NA,NA,2,3,2,NA,2,2,2,NA
245,3,2,3,3,0,1,3,3,2,3,3,0,1,3,2,3,2,3,0,2,2,2,2,3,2,0,3,1,3,3,3,2,3,3,2,2
246,1,1,1,1,4,0,0,2,2,3,3,0,2,2,2,2,2,2,0,4,0,2,2,3,3,0,2,2,1,3,2,3,1,2,2,2
247,2,3,2,3,0,2,2,2,2,2,2,0,4,0,2,2,2,2,0,4,0,2,2,2,2,0,4,0,3,2,2,2,2,2,2,2
248,2,2,2,2,0,4,0,2,2,2,1,1,3,0,2,2,2,2,0,4,0,2,2,3,1,1,2,1,2,2,2,2,2,2,2,2
249,2,2,2,1,1,3,0,1,2,1,1,3,1,0,2,2,2,2,0,4,0,1,2,1,1,3,1,0,2,1,2,1,2,1,2,1
250,2,1,2,1,2,2,0,2,2,2,3,0,3,1,2,2,2,2,0,4,0,1,2,1,1,3,1,0,1,2,2,1,2,2,2,1
251,2,2,2,3,0,3,1,2,2,2,3,0,3,1,2,2,2,2,0,4,0,3,2,3,3,0,1,3,2,2,2,3,2,2,2,3
252,1,1,1,1,4,0,0,2,2,2,2,0,4,0,2,2,2,2,0,4,0,1,1,2,1,3,1,0,1,2,2,1,1,2,2,1
253,2,2,2,3,0,3,1,3,3,3,3,0,0,4,2,2,3,3,0,2,2,2,2,3,2,0,3,1,2,3,3,2,2,3,2,2
254,2,1,2,3,1,2,1,1,1,1,1,4,0,0,1,2,1,2,2,2,0,1,2,1,2,2,2,0,2,1,1,1,2,1,2,2
255,2,2,2,3,0,3,1,3,2,2,1,1,2,1,2,2,2,2,0,4,0,2,2,3,1,1,2,1,2,2,2,2,2,2,2,2
256,3,3,2,3,0,1,3,2,2,2,3,0,3,1,2,2,2,2,0,4,0,2,1,1,1,3,1,0,3,2,2,1,3,2,2,1
257,3,3,2,3,0,1,3,2,2,1,1,2,2,0,1,1,2,1,3,1,0,1,1,1,1,4,0,0,3,1,1,1,3,2,1,1
258,2,1,1,1,3,1,0,1,1,1,1,4,0,0,2,2,2,3,0,3,1,3,2,3,3,0,1,3,1,1,2,3,1,1,2,3
259,2,2,2,2,0,4,0,2,2,2,3,0,3,1,2,2,2,2,0,4,0,1,2,1,1,3,1,0,2,2,2,1,2,2,2,1
260,2,2,2,3,0,3,1,2,2,2,3,0,3,1,2,2,2,2,0,4,0,3,2,2,3,0,2,2,2,2,2,3,2,2,2,2
261,1,1,1,3,3,0,1,2,2,2,3,0,3,1,1,1,1,2,3,1,0,2,2,3,2,0,3,1,1,2,1,2,1,2,1,2
262,2,2,1,2,1,3,0,2,2,2,3,0,3,1,2,2,2,2,0,4,0,1,1,1,1,4,0,0,2,2,2,1,2,2,2,1
263,2,1,2,2,1,3,0,2,2,3,3,0,2,2,2,2,2,2,0,4,0,1,2,1,1,3,1,0,2,3,2,1,2,2,2,1
264,2,2,2,1,1,3,0,1,2,2,1,2,2,0,2,2,2,2,0,4,0,2,2,3,2,0,3,1,2,1,2,2,2,2,2,2
265,2,2,2,3,0,3,1,3,2,2,3,0,2,2,1,2,2,2,1,3,0,2,2,2,2,0,4,0,2,3,2,2,2,2,2,2
266,2,2,2,3,0,3,1,1,2,1,1,3,1,0,2,2,2,2,0,4,0,1,1,1,1,4,0,0,2,1,2,1,2,1,2,1
267,2,3,2,3,0,2,2,2,2,2,2,0,4,0,2,2,2,2,0,4,0,1,2,1,1,3,1,0,3,2,2,1,2,2,2,1
268,2,2,2,3,0,3,1,2,2,2,3,0,3,1,1,2,2,2,1,3,0,1,2,1,1,3,1,0,2,2,2,1,2,2,2,1
269,1,2,2,1,2,2,0,2,1,2,1,2,2,0,2,2,2,2,0,4,0,3,2,3,3,0,1,3,1,1,2,3,2,2,2,3
270,2,1,2,1,2,2,0,2,2,2,1,1,3,0,1,2,2,2,1,3,0,1,2,3,1,2,1,1,1,2,2,2,2,2,2,2
271,2,2,2,2,0,4,0,2,1,2,1,2,2,0,2,2,2,2,0,4,0,1,2,3,1,2,1,1,2,1,2,2,2,2,2,2
272,2,1,2,1,2,2,0,3,2,3,3,0,1,3,2,2,3,2,0,3,1,1,1,2,1,3,1,0,1,3,2,1,2,3,2,1
273,1,1,1,1,4,0,0,2,2,2,2,0,4,0,2,2,3,3,0,2,2,1,2,1,1,3,1,0,1,2,3,1,1,2,2,1
274,3,3,2,3,0,1,3,1,2,1,1,3,1,0,2,2,2,2,0,4,0,1,2,2,1,2,2,0,3,1,2,1,3,1,2,2
275,2,2,2,3,0,3,1,1,1,1,1,4,0,0,1,2,2,2,1,3,0,1,2,3,1,2,1,1,2,1,2,2,2,1,2,2
276,2,2,2,3,0,3,1,2,2,2,2,0,4,0,1,2,2,2,1,3,0,1,2,1,1,3,1,0,2,2,2,1,2,2,2,1
277,2,1,2,1,2,2,0,2,1,1,1,3,1,0,2,2,2,2,0,4,0,1,2,1,1,3,1,0,1,1,2,1,2,1,2,1
278,2,2,2,3,0,3,1,3,1,2,1,2,1,1,2,2,2,3,0,3,1,1,1,1,1,4,0,0,2,2,2,1,2,2,2,1
279,1,1,1,3,3,0,1,2,2,1,1,2,2,0,2,2,2,2,0,4,0,2,2,2,2,0,4,0,1,1,2,2,1,2,2,2
280,3,3,3,3,0,0,4,1,1,1,1,4,0,0,2,2,2,3,0,3,1,2,2,3,3,0,2,2,3,1,2,3,3,1,2,2
281,2,1,2,3,1,2,1,2,2,2,2,0,4,0,2,2,2,2,0,4,0,2,2,3,1,1,2,1,2,2,2,2,2,2,2,2
282,1,1,1,1,4,0,0,2,2,2,2,0,4,0,2,2,2,1,1,3,0,3,3,1,3,1,0,3,1,2,2,3,1,2,2,3
283,2,2,2,3,0,3,1,1,2,2,1,2,2,0,1,2,1,1,3,1,0,2,2,2,1,1,3,0,2,1,1,2,2,2,1,2
284,2,2,2,2,0,4,0,2,2,2,3,0,3,1,2,2,2,2,0,4,0,3,2,3,3,0,1,3,2,2,2,3,2,2,2,3
285,2,2,2,1,1,3,0,1,2,1,1,3,1,0,2,2,2,2,0,4,0,1,2,1,1,3,1,0,2,1,2,1,2,1,2,1
286,3,2,2,2,0,3,1,2,2,2,2,0,4,0,2,2,2,2,0,4,0,1,2,3,1,2,1,1,2,2,2,2,2,2,2,2
287,2,2,2,2,0,4,0,1,1,1,1,4,0,0,3,2,2,3,0,2,2,1,2,1,1,3,1,0,2,1,3,1,2,1,2,1
288,2,2,2,3,0,3,1,2,2,2,3,0,3,1,2,2,2,3,0,3,1,2,1,1,1,3,1,0,2,2,2,1,2,2,2,1
289,2,2,2,3,0,3,1,2,2,2,2,0,4,0,1,1,1,1,4,0,0,2,2,1,1,2,2,0,2,2,1,1,2,2,1,2
290,2,1,2,3,1,2,1,2,2,2,1,1,3,0,2,2,2,2,0,4,0,1,2,3,1,2,1,1,2,2,2,2,2,2,2,2
291,1,1,2,1,3,1,0,3,2,3,3,0,1,3,2,2,2,3,0,3,1,2,2,2,1,1,3,0,1,3,2,2,1,3,2,2
292,2,2,2,3,0,3,1,3,2,3,2,0,2,2,2,2,2,3,0,3,1,2,2,3,2,0,3,1,2,3,2,2,2,2,2,2
293,2,2,2,3,0,3,1,2,2,2,3,0,3,1,2,2,2,2,0,4,0,1,2,2,1,2,2,0,2,2,2,1,2,2,2,2
294,2,2,2,3,0,3,1,2,2,2,3,0,3,1,2,2,2,2,0,4,0,1,1,1,1,4,0,0,2,2,2,1,2,2,2,1
295,2,2,2,3,0,3,1,1,2,1,1,3,1,0,3,3,3,3,0,0,4,3,2,3,3,0,1,3,2,1,3,3,2,1,3,3
296,1,2,2,1,2,2,0,2,2,2,3,0,3,1,2,3,3,3,0,1,3,1,2,1,1,3,1,0,1,2,3,1,2,2,3,1
297,1,1,1,3,3,0,1,2,2,1,1,2,2,0,2,2,2,2,0,4,0,1,1,1,1,4,0,0,1,1,2,1,1,2,2,1
298,2,1,2,3,1,2,1,2,2,2,2,0,4,0,2,2,2,2,0,4,0,1,2,1,2,2,2,0,2,2,2,1,2,2,2,2
299,1,1,1,1,4,0,0,1,1,1,1,4,0,0,1,1,1,1,4,0,0,2,2,3,3,0,2,2,1,1,1,3,1,1,1,2
300,2,1,2,1,2,2,0,2,2,2,1,1,3,0,2,2,3,3,0,2,2,2,2,3,2,0,3,1,1,2,3,2,2,2,2,2
301,1,1,1,1,4,0,0,2,2,2,2,0,4,0,2,2,2,2,0,4,0,1,2,3,2,1,2,1,1,2,2,2,1,2,2,2
302,2,2,2,3,0,3,1,1,1,1,1,4,0,0,2,2,2,2,0,4,0,2,2,2,3,0,3,1,2,1,2,2,2,1,2,2
303,2,2,2,2,0,4,0,2,2,2,3,0,3,1,2,2,2,2,0,4,0,1,2,1,1,3,1,0,2,2,2,1,2,2,2,1
304,3,3,2,3,0,1,3,2,2,2,2,0,4,0,2,2,2,3,0,3,1,1,2,1,1,3,1,0,3,2,2,1,3,2,2,1
305,NA,NA,NA,NA,NA,NA,NA,2,2,2,1,1,3,0,2,2,2,2,0,4,0,NA,NA,NA,NA,NA,NA,NA,NA,2,2,NA,NA,2,2,NA
306,2,3,2,3,0,2,2,2,2,1,1,2,2,0,3,2,2,3,0,2,2,1,2,3,1,2,1,1,3,1,3,2,2,2,2,2
307,2,2,2,3,0,3,1,2,2,3,3,0,2,2,2,2,2,2,0,4,0,3,2,3,3,0,1,3,2,3,2,3,2,2,2,3
308,2,2,2,1,1,3,0,2,2,3,3,0,2,2,3,2,3,3,0,1,3,1,2,3,1,2,1,1,2,3,3,2,2,2,3,2
309,2,2,2,2,0,4,0,2,2,3,3,0,2,2,2,2,2,2,0,4,0,1,2,1,1,3,1,0,2,3,2,1,2,2,2,1
310,1,1,1,1,4,0,0,1,1,1,1,4,0,0,2,2,2,2,0,4,0,3,2,3,3,0,1,3,1,1,2,3,1,1,2,3
311,2,1,1,1,3,1,0,2,2,2,1,1,3,0,2,2,2,2,0,4,0,1,2,1,1,3,1,0,1,2,2,1,1,2,2,1
312,2,2,2,3,0,3,1,3,2,3,3,0,1,3,2,2,2,1,1,3,0,1,1,1,1,4,0,0,2,3,2,1,2,3,2,1
313,2,2,2,3,0,3,1,2,2,2,3,0,3,1,2,2,2,2,0,4,0,1,2,3,3,1,1,2,2,2,2,2,2,2,2,2
314,2,2,2,1,1,3,0,1,1,1,1,4,0,0,3,2,2,3,0,2,2,2,1,2,1,2,2,0,2,1,3,1,2,1,2,2
315,1,1,1,1,4,0,0,2,2,2,3,0,3,1,2,2,2,2,0,4,0,2,2,3,3,0,2,2,1,2,2,3,1,2,2,2
316,1,1,1,1,4,0,0,2,2,2,3,0,3,1,2,2,2,2,0,4,0,1,1,1,1,4,0,0,1,2,2,1,1,2,2,1
317,2,2,2,2,0,4,0,1,1,1,1,4,0,0,2,2,2,2,0,4,0,1,1,1,1,4,0,0,2,1,2,1,2,1,2,1
318,2,2,2,2,0,4,0,1,1,1,1,4,0,0,1,1,1,1,4,0,0,1,2,1,3,2,1,1,2,1,1,2,2,1,1,2
319,2,2,2,1,1,3,0,2,2,2,2,0,4,0,2,2,2,3,0,3,1,2,2,3,3,0,2,2,2,2,2,3,2,2,2,2
320,2,2,2,2,0,4,0,2,2,2,3,0,3,1,2,2,3,2,0,3,1,2,2,2,1,1,3,0,2,2,2,2,2,2,2,2
321,3,2,2,3,0,2,2,2,2,2,2,0,4,0,2,2,2,2,0,4,0,2,2,1,1,2,2,0,3,2,2,1,2,2,2,2
322,NA,NA,NA,NA,NA,NA,NA,1,2,1,1,3,1,0,2,1,2,1,2,2,0,NA,NA,NA,NA,NA,NA,NA,NA,1,1,NA,NA,1,2,NA
323,2,2,2,3,0,3,1,2,2,3,3,0,2,2,2,2,3,3,0,2,2,3,2,3,3,0,1,3,2,3,3,3,2,2,2,3
324,2,3,2,3,0,2,2,2,2,2,2,0,4,0,2,2,2,2,0,4,0,3,2,3,3,0,1,3,3,2,2,3,2,2,2,3
325,2,2,2,3,0,3,1,2,2,3,3,0,2,2,2,2,2,3,0,3,1,3,2,3,3,0,1,3,2,3,2,3,2,2,2,3
326,2,2,2,3,0,3,1,2,2,2,2,0,4,0,2,2,2,2,0,4,0,2,2,3,3,0,2,2,2,2,2,3,2,2,2,2
327,2,2,2,3,0,3,1,2,2,2,3,0,3,1,2,2,2,2,0,4,0,1,2,1,1,3,1,0,2,2,2,1,2,2,2,1
328,NA,NA,NA,NA,NA,NA,NA,2,2,2,1,1,3,0,2,2,2,2,0,4,0,2,2,3,3,0,2,2,NA,2,2,3,NA,2,2,2
329,2,2,2,3,0,3,1,2,2,2,1,1,3,0,3,3,3,3,0,0,4,1,2,3,1,2,1,1,2,2,3,2,2,2,3,2
330,2,2,2,3,0,3,1,1,2,2,1,2,2,0,1,2,2,2,1,3,0,2,2,3,2,0,3,1,2,1,2,2,2,2,2,2
331,2,3,2,3,0,2,2,2,2,3,3,0,2,2,2,2,2,2,0,4,0,3,2,3,2,0,2,2,3,3,2,3,2,2,2,2
332,2,2,2,3,0,3,1,2,2,3,3,0,2,2,2,2,2,3,0,3,1,2,3,3,3,0,1,3,2,3,2,3,2,2,2,3
333,2,2,3,3,0,2,2,2,1,1,1,3,1,0,3,2,3,3,0,1,3,1,2,3,3,1,1,2,3,1,3,2,2,1,3,2
334,3,3,2,3,0,1,3,1,1,1,1,4,0,0,2,2,2,2,0,4,0,3,2,3,3,0,1,3,3,1,2,3,3,1,2,3
335,1,1,2,1,3,1,0,3,3,3,3,0,0,4,2,2,3,2,0,3,1,1,2,3,1,2,1,1,1,3,2,2,1,3,2,2
336,1,1,2,1,3,1,0,2,2,3,3,0,2,2,2,2,2,2,0,4,0,1,2,3,1,2,1,1,1,3,2,2,1,2,2,2
337,2,3,3,3,0,1,3,2,2,2,2,0,4,0,2,2,2,2,0,4,0,1,2,3,3,1,1,2,3,2,2,2,3,2,2,2
338,2,2,2,1,1,3,0,2,2,1,3,1,2,1,1,1,1,1,4,0,0,1,2,3,3,1,1,2,2,2,1,2,2,2,1,2
339,2,3,2,3,0,2,2,2,2,2,2,0,4,0,2,2,2,2,0,4,0,1,2,3,1,2,1,1,3,2,2,2,2,2,2,2
340,2,1,2,1,2,2,0,2,2,3,3,0,2,2,2,2,2,2,0,4,0,1,1,1,1,4,0,0,1,3,2,1,2,2,2,1
341,2,2,2,3,0,3,1,1,1,1,1,4,0,0,2,2,1,2,1,3,0,2,2,2,1,1,3,0,2,1,2,2,2,1,2,2
342,2,1,2,1,2,2,0,2,2,1,1,2,2,0,2,2,3,3,0,2,2,2,2,2,1,1,3,0,1,1,3,2,2,2,2,2
343,1,1,2,1,3,1,0,2,2,3,3,0,2,2,2,2,2,2,0,4,0,NA,NA,NA,NA,NA,NA,NA,1,3,2,NA,1,2,2,NA
344,2,1,2,1,2,2,0,2,2,2,3,0,3,1,2,2,3,2,0,3,1,1,2,1,1,3,1,0,1,2,2,1,2,2,2,1
345,2,2,2,3,0,3,1,2,2,2,2,0,4,0,2,2,2,2,0,4,0,1,2,2,1,2,2,0,2,2,2,1,2,2,2,2
346,NA,NA,NA,NA,NA,NA,NA,2,1,2,1,2,2,0,2,2,2,3,0,3,1,1,2,1,1,3,1,0,NA,1,2,1,NA,2,2,1
347,2,2,2,1,1,3,0,2,2,2,3,0,3,1,2,3,3,3,0,1,3,1,2,1,1,3,1,0,2,2,3,1,2,2,3,1
348,2,2,2,1,1,3,0,2,2,2,1,1,3,0,2,2,2,2,0,4,0,2,2,3,3,0,2,2,2,2,2,3,2,2,2,2
349,1,1,1,1,4,0,0,2,2,2,3,0,3,1,1,1,1,1,4,0,0,2,2,2,3,0,3,1,1,2,1,2,1,2,1,2
350,2,2,2,3,0,3,1,2,2,2,1,1,3,0,2,2,2,2,0,4,0,1,2,1,1,3,1,0,2,2,2,1,2,2,2,1
351,NA,NA,NA,NA,NA,NA,NA,2,2,2,3,0,3,1,1,2,2,1,2,2,0,NA,NA,NA,NA,NA,NA,NA,NA,2,1,NA,NA,2,2,NA
352,2,2,2,2,0,4,0,1,1,3,1,3,0,1,2,2,2,2,0,4,0,1,2,2,2,1,3,0,2,1,2,2,2,1,2,2
353,2,2,2,3,0,3,1,1,1,1,1,4,0,0,2,2,2,3,0,3,1,2,2,2,2,0,4,0,2,1,2,2,2,1,2,2
354,2,2,2,3,0,3,1,2,2,2,3,0,3,1,1,1,1,1,4,0,0,1,2,3,1,2,1,1,2,2,1,2,2,2,1,2
355,3,2,2,3,0,2,2,3,2,2,3,0,2,2,2,2,2,2,0,4,0,1,1,1,1,4,0,0,3,3,2,1,2,2,2,1
356,2,2,1,2,1,3,0,2,3,2,3,0,2,2,2,2,2,2,0,4,0,1,1,1,1,4,0,0,2,3,2,1,2,2,2,1
357,2,2,2,3,0,3,1,3,2,2,3,0,2,2,1,2,1,1,3,1,0,1,1,1,1,4,0,0,2,3,1,1,2,2,1,1
358,2,2,2,3,0,3,1,2,2,2,2,0,4,0,2,2,2,3,0,3,1,3,2,3,3,0,1,3,2,2,2,3,2,2,2,3
359,2,2,2,2,0,4,0,2,2,1,3,1,2,1,2,2,2,2,0,4,0,2,2,3,2,0,3,1,2,2,2,2,2,2,2,2
360,1,2,2,3,1,2,1,2,2,2,3,0,3,1,1,1,1,1,4,0,0,2,2,3,2,0,3,1,2,2,1,2,2,2,1,2
361,2,2,2,2,0,4,0,2,2,2,2,0,4,0,2,3,3,3,0,1,3,1,2,1,1,3,1,0,2,2,3,1,2,2,3,1
362,2,2,2,3,0,3,1,1,1,1,1,4,0,0,2,2,2,2,0,4,0,2,2,3,3,0,2,2,2,1,2,3,2,1,2,2
363,2,2,2,1,1,3,0,3,2,2,3,0,2,2,2,2,2,2,0,4,0,2,2,1,1,2,2,0,2,3,2,1,2,2,2,2
364,2,1,2,1,2,2,0,2,2,2,2,0,4,0,2,2,2,2,0,4,0,2,2,2,1,1,3,0,1,2,2,2,2,2,2,2
365,2,2,2,2,0,4,0,1,2,1,1,3,1,0,2,2,2,2,0,4,0,1,2,2,1,2,2,0,2,1,2,1,2,1,2,2
366,2,2,2,3,0,3,1,2,2,2,1,1,3,0,2,2,2,1,1,3,0,2,2,2,1,1,3,0,2,2,2,2,2,2,2,2
367,2,1,2,1,2,2,0,2,2,2,2,0,4,0,2,2,2,3,0,3,1,1,1,2,3,2,1,1,1,2,2,2,2,2,2,2
368,2,2,2,3,0,3,1,2,2,2,1,1,3,0,2,2,2,2,0,4,0,3,2,3,3,0,1,3,2,2,2,3,2,2,2,3
369,1,1,1,1,4,0,0,2,1,2,1,2,2,0,1,2,1,1,3,1,0,1,2,2,3,1,2,1,1,1,1,2,1,2,1,2
370,2,2,2,3,0,3,1,2,2,2,2,0,4,0,2,2,2,2,0,4,0,1,2,1,1,3,1,0,2,2,2,1,2,2,2,1
371,2,2,2,3,0,3,1,1,1,1,1,4,0,0,2,3,3,3,0,1,3,2,2,2,1,1,3,0,2,1,3,2,2,1,3,2
372,2,3,2,3,0,2,2,2,2,2,1,1,3,0,1,2,1,1,3,1,0,1,2,3,2,1,2,1,3,2,1,2,2,2,1,2
373,2,3,2,3,0,2,2,1,2,2,1,2,2,0,2,2,3,2,0,3,1,2,2,3,3,0,2,2,3,1,2,3,2,2,2,2
374,2,1,1,1,3,1,0,2,2,2,3,0,3,1,2,2,2,2,0,4,0,3,3,3,3,0,0,4,1,2,2,3,1,2,2,3
375,2,1,2,1,2,2,0,1,1,1,1,4,0,0,3,2,3,3,0,1,3,1,1,1,1,4,0,0,1,1,3,1,2,1,3,1
376,2,3,2,3,0,2,2,2,2,2,1,1,3,0,2,2,2,2,0,4,0,1,2,1,1,3,1,0,3,2,2,1,2,2,2,1
377,1,1,1,1,4,0,0,2,2,3,3,0,2,2,2,2,2,2,0,4,0,2,2,3,3,0,2,2,1,3,2,3,1,2,2,2
378,1,1,1,1,4,0,0,2,2,2,3,0,3,1,2,2,2,2,0,4,0,1,1,1,1,4,0,0,1,2,2,1,1,2,2,1
379,2,1,2,1,2,2,0,2,2,2,1,1,3,0,2,2,2,2,0,4,0,2,2,3,3,0,2,2,1,2,2,3,2,2,2,2
380,2,3,2,3,0,2,2,2,2,2,3,0,3,1,1,2,2,1,2,2,0,2,2,3,2,0,3,1,3,2,1,2,2,2,2,2
381,2,2,2,3,0,3,1,2,2,2,1,1,3,0,2,2,2,3,0,3,1,2,2,3,2,0,3,1,2,2,2,2,2,2,2,2
382,2,1,2,1,2,2,0,2,2,2,1,1,3,0,2,2,2,2,0,4,0,1,2,1,1,3,1,0,1,2,2,1,2,2,2,1
383,2,2,2,2,0,4,0,2,2,2,2,0,4,0,2,2,2,2,0,4,0,1,2,1,1,3,1,0,2,2,2,1,2,2,2,1
384,2,1,2,2,1,3,0,2,2,2,1,1,3,0,2,2,2,2,0,4,0,2,2,2,3,0,3,1,2,2,2,2,2,2,2,2
385,3,3,2,3,0,1,3,2,2,2,3,0,3,1,3,2,3,3,0,1,3,2,2,2,2,0,4,0,3,2,3,2,3,2,3,2
386,2,2,2,2,0,4,0,2,2,2,2,0,4,0,2,2,2,2,0,4,0,1,2,3,2,1,2,1,2,2,2,2,2,2,2,2
387,2,2,2,2,0,4,0,3,3,3,3,0,0,4,1,2,2,2,1,3,0,2,2,2,2,0,4,0,2,3,2,2,2,3,2,2
388,2,2,2,3,0,3,1,2,2,2,1,1,3,0,2,2,3,2,0,3,1,1,2,1,2,2,2,0,2,2,2,1,2,2,2,2
389,2,2,2,3,0,3,1,2,2,2,1,1,3,0,2,2,2,2,0,4,0,1,2,1,1,3,1,0,2,2,2,1,2,2,2,1
390,2,3,3,3,0,1,3,2,2,2,1,1,3,0,2,2,2,1,1,3,0,1,2,1,1,3,1,0,3,2,2,1,3,2,2,1
391,3,3,3,3,0,0,4,1,2,2,1,2,2,0,2,2,3,2,0,3,1,2,2,2,2,0,4,0,3,1,2,2,3,2,2,2
392,3,3,3,3,0,0,4,2,2,2,2,0,4,0,2,1,2,1,2,2,0,2,2,1,1,2,2,0,3,2,1,1,3,2,2,2
393,2,2,2,3,0,3,1,2,2,2,1,1,3,0,2,2,2,2,0,4,0,2,2,2,2,0,4,0,2,2,2,2,2,2,2,2
394,2,2,2,3,0,3,1,1,2,1,1,3,1,0,3,2,3,3,0,1,3,2,2,3,2,0,3,1,2,1,3,2,2,1,3,2
395,2,3,2,2,0,3,1,2,2,2,1,1,3,0,2,2,3,3,0,2,2,1,2,2,1,2,2,0,2,2,3,1,2,2,2,2
396,1,1,2,2,2,2,0,2,2,2,2,0,4,0,1,2,1,2,2,2,0,1,2,2,2,1,3,0,1,2,1,2,2,2,2,2
397,2,2,2,2,0,4,0,1,2,2,1,2,2,0,3,2,3,3,0,1,3,2,2,2,3,0,3,1,2,1,3,2,2,2,3,2
398,1,3,1,3,2,0,2,2,2,2,1,1,3,0,2,2,2,2,0,4,0,2,2,2,2,0,4,0,2,2,2,2,2,2,2,2
399,2,1,2,1,2,2,0,2,2,1,1,2,2,0,2,2,2,2,0,4,0,1,2,3,1,2,1,1,1,1,2,2,2,2,2,2
400,2,2,2,3,0,3,1,2,2,2,2,0,4,0,2,2,2,2,0,4,0,2,2,3,1,1,2,1,2,2,2,2,2,2,2,2
401,1,1,1,1,4,0,0,2,1,2,1,2,2,0,1,2,2,2,1,3,0,1,2,1,1,3,1,0,1,1,2,1,1,2,2,1
402,2,2,2,2,0,4,0,3,2,3,3,0,1,3,2,2,2,2,0,4,0,2,2,3,2,0,3,1,2,3,2,2,2,3,2,2
403,2,1,2,3,1,2,1,3,3,3,3,0,0,4,2,2,2,3,0,3,1,2,2,3,2,0,3,1,2,3,2,2,2,3,2,2
404,2,3,2,2,0,3,1,2,2,2,3,0,3,1,2,2,2,2,0,4,0,2,2,2,1,1,3,0,2,2,2,2,2,2,2,2
405,2,3,3,3,0,1,3,2,2,3,3,0,2,2,2,2,2,2,0,4,0,2,2,3,3,0,2,2,3,3,2,3,3,2,2,2
406,1,1,1,1,4,0,0,2,2,2,3,0,3,1,2,2,2,2,0,4,0,2,2,2,2,0,4,0,1,2,2,2,1,2,2,2
407,2,1,2,1,2,2,0,2,2,2,2,0,4,0,2,2,2,2,0,4,0,1,2,2,1,2,2,0,1,2,2,1,2,2,2,2
408,2,2,2,3,0,3,1,1,1,1,1,4,0,0,2,2,2,2,0,4,0,1,1,1,1,4,0,0,2,1,2,1,2,1,2,1
409,2,2,2,3,0,3,1,2,2,2,2,0,4,0,2,1,1,1,3,1,0,2,3,3,3,0,1,3,2,2,1,3,2,2,1,3
410,1,1,1,1,4,0,0,2,2,2,2,0,4,0,2,2,2,2,0,4,0,3,3,3,3,0,0,4,1,2,2,3,1,2,2,3
411,2,2,2,1,1,3,0,2,2,2,1,1,3,0,1,2,1,2,2,2,0,2,2,3,2,0,3,1,2,2,1,2,2,2,2,2
412,2,1,2,1,2,2,0,2,2,2,1,1,3,0,2,2,2,2,0,4,0,1,2,3,3,1,1,2,1,2,2,2,2,2,2,2
413,2,1,2,2,1,3,0,2,2,2,1,1,3,0,2,2,1,1,2,2,0,1,1,1,1,4,0,0,2,2,1,1,2,2,2,1
414,2,3,2,2,0,3,1,2,2,2,3,0,3,1,2,2,2,2,0,4,0,2,2,2,2,0,4,0,2,2,2,2,2,2,2,2
415,1,1,1,1,4,0,0,1,1,1,1,4,0,0,1,2,1,1,3,1,0,1,1,1,1,4,0,0,1,1,1,1,1,1,1,1
416,2,1,2,2,1,3,0,2,2,2,1,1,3,0,1,2,2,2,1,3,0,1,1,1,1,4,0,0,2,2,2,1,2,2,2,1
417,2,2,2,1,1,3,0,2,2,1,1,2,2,0,1,2,1,2,2,2,0,1,2,1,1,3,1,0,2,1,1,1,2,2,2,1
418,2,1,2,3,1,2,1,2,2,2,2,0,4,0,1,2,2,2,1,3,0,NA,NA,NA,NA,NA,NA,NA,2,2,2,NA,2,2,2,NA
419,2,2,2,2,0,4,0,1,2,2,1,2,2,0,2,2,2,2,0,4,0,1,2,2,1,2,2,0,2,1,2,1,2,2,2,2
420,2,2,2,1,1,3,0,2,2,2,1,1,3,0,2,2,2,3,0,3,1,2,2,1,1,2,2,0,2,2,2,1,2,2,2,2
421,2,3,3,3,0,1,3,2,1,2,1,2,2,0,2,2,2,2,0,4,0,1,2,3,3,1,1,2,3,1,2,2,3,2,2,2
422,1,1,1,1,4,0,0,2,2,2,1,1,3,0,2,2,3,3,0,2,2,2,2,3,3,0,2,2,1,2,3,3,1,2,2,2
423,2,2,2,2,0,4,0,2,2,3,2,0,3,1,1,1,1,1,4,0,0,1,2,2,1,2,2,0,2,2,1,1,2,2,1,2
424,2,1,2,1,2,2,0,1,1,1,1,4,0,0,2,2,2,2,0,4,0,1,2,2,1,2,2,0,1,1,2,1,2,1,2,2
425,2,2,2,2,0,4,0,2,2,2,3,0,3,1,2,2,2,2,0,4,0,2,2,1,1,2,2,0,2,2,2,1,2,2,2,2
426,2,1,2,3,1,2,1,2,2,2,1,1,3,0,1,2,2,2,1,3,0,1,2,3,1,2,1,1,2,2,2,2,2,2,2,2
427,1,2,1,3,2,1,1,2,2,2,3,0,3,1,3,3,3,3,0,0,4,2,2,3,2,0,3,1,2,2,3,2,2,2,3,2
428,1,2,1,1,3,1,0,1,2,1,1,3,1,0,2,2,2,2,0,4,0,2,2,3,1,1,2,1,1,1,2,2,1,1,2,2
429,2,2,2,2,0,4,0,3,2,3,3,0,1,3,2,2,2,3,0,3,1,2,2,1,1,2,2,0,2,3,2,1,2,3,2,2
430,1,2,2,3,1,2,1,2,2,2,2,0,4,0,2,2,2,2,0,4,0,2,2,3,3,0,2,2,2,2,2,3,2,2,2,2
431,1,1,1,1,4,0,0,2,1,1,1,3,1,0,2,2,2,2,0,4,0,1,2,1,2,2,2,0,1,1,2,1,1,1,2,2
432,2,2,2,3,0,3,1,1,2,2,2,1,3,0,2,2,2,2,0,4,0,1,2,1,1,3,1,0,2,2,2,1,2,2,2,1
433,2,3,2,3,0,2,2,3,2,3,3,0,1,3,2,2,2,3,0,3,1,2,2,3,1,1,2,1,3,3,2,2,2,3,2,2
434,2,2,2,2,0,4,0,2,2,2,2,0,4,0,1,2,2,2,1,3,0,2,2,2,1,1,3,0,2,2,2,2,2,2,2,2
435,2,2,2,3,0,3,1,2,2,2,3,0,3,1,2,2,2,2,0,4,0,2,2,1,1,2,2,0,2,2,2,1,2,2,2,2
436,2,3,2,3,0,2,2,2,2,2,2,0,4,0,2,2,2,2,0,4,0,1,2,3,1,2,1,1,3,2,2,2,2,2,2,2
437,2,2,2,2,0,4,0,2,1,1,1,3,1,0,2,2,2,2,0,4,0,2,2,2,2,0,4,0,2,1,2,2,2,1,2,2
438,1,1,2,1,3,1,0,2,2,2,2,0,4,0,2,2,2,2,0,4,0,1,1,2,1,3,1,0,1,2,2,1,1,2,2,1
439,2,2,2,3,0,3,1,1,1,1,1,4,0,0,1,2,1,1,3,1,0,1,2,3,1,2,1,1,2,1,1,2,2,1,1,2
440,2,2,2,2,0,4,0,2,2,2,1,1,3,0,1,2,1,1,3,1,0,2,2,3,3,0,2,2,2,2,1,3,2,2,1,2
441,2,2,2,1,1,3,0,2,2,3,2,0,3,1,2,2,2,2,0,4,0,1,2,2,2,1,3,0,2,2,2,2,2,2,2,2
442,3,3,2,3,0,1,3,2,2,2,3,0,3,1,2,2,2,2,0,4,0,1,2,3,3,1,1,2,3,2,2,2,3,2,2,2
443,1,1,1,1,4,0,0,2,2,2,1,1,3,0,2,2,2,2,0,4,0,2,2,3,2,0,3,1,1,2,2,2,1,2,2,2
444,2,2,2,2,0,4,0,2,2,2,2,0,4,0,2,2,2,3,0,3,1,2,2,2,1,1,3,0,2,2,2,2,2,2,2,2
445,2,2,2,3,0,3,1,2,2,2,1,1,3,0,2,2,2,2,0,4,0,1,2,1,1,3,1,0,2,2,2,1,2,2,2,1
446,2,2,2,2,0,4,0,2,2,2,2,0,4,0,2,2,2,2,0,4,0,2,2,3,3,0,2,2,2,2,2,3,2,2,2,2
447,2,1,1,1,3,1,0,2,2,2,2,0,4,0,2,2,2,2,0,4,0,1,1,1,1,4,0,0,1,2,2,1,1,2,2,1
448,2,2,2,2,0,4,0,1,1,1,1,4,0,0,1,2,2,2,1,3,0,2,2,3,1,1,2,1,2,1,2,2,2,1,2,2
449,2,1,2,1,2,2,0,2,2,2,1,1,3,0,2,2,2,3,0,3,1,2,2,3,3,0,2,2,1,2,2,3,2,2,2,2
450,2,2,2,3,0,3,1,2,2,3,3,0,2,2,2,2,3,3,0,2,2,2,2,2,1,1,3,0,2,3,3,2,2,2,2,2
451,3,2,2,2,0,3,1,2,2,2,1,1,3,0,2,2,3,2,0,3,1,2,2,3,3,0,2,2,2,2,2,3,2,2,2,2
452,2,3,2,3,0,2,2,2,2,2,2,0,4,0,2,2,2,2,0,4,0,2,2,2,2,0,4,0,3,2,2,2,2,2,2,2
453,2,3,2,2,0,3,1,2,2,3,3,0,2,2,2,2,2,2,0,4,0,1,1,1,1,4,0,0,2,3,2,1,2,2,2,1
454,2,2,1,1,2,2,0,2,2,2,2,0,4,0,3,2,3,3,0,1,3,1,1,1,1,4,0,0,1,2,3,1,2,2,3,1
455,1,1,2,2,2,2,0,2,2,2,3,0,3,1,2,2,2,2,0,4,0,1,2,1,1,3,1,0,1,2,2,1,2,2,2,1
456,2,2,2,3,0,3,1,2,2,2,1,1,3,0,2,2,2,2,0,4,0,2,2,3,2,0,3,1,2,2,2,2,2,2,2,2
457,1,1,2,1,3,1,0,2,1,2,1,2,2,0,2,2,3,3,0,2,2,1,2,1,1,3,1,0,1,1,3,1,1,2,2,1
458,3,3,2,3,0,1,3,2,2,2,2,0,4,0,2,2,2,2,0,4,0,2,2,2,2,0,4,0,3,2,2,2,3,2,2,2
459,2,3,2,3,0,2,2,2,2,2,2,0,4,0,2,2,2,2,0,4,0,2,2,2,3,0,3,1,3,2,2,2,2,2,2,2
460,2,2,1,1,2,2,0,2,2,2,3,0,3,1,2,2,2,2,0,4,0,2,2,3,2,0,3,1,1,2,2,2,2,2,2,2
461,3,3,3,3,0,0,4,2,2,2,3,0,3,1,2,2,2,2,0,4,0,1,2,1,1,3,1,0,3,2,2,1,3,2,2,1
462,2,1,2,2,1,3,0,2,2,2,3,0,3,1,2,2,2,2,0,4,0,1,2,1,1,3,1,0,2,2,2,1,2,2,2,1
463,2,1,2,1,2,2,0,2,2,2,1,1,3,0,3,2,3,3,0,1,3,2,2,2,3,0,3,1,1,2,3,2,2,2,3,2
464,2,1,2,1,2,2,0,2,2,2,1,1,3,0,1,1,1,1,4,0,0,1,2,3,1,2,1,1,1,2,1,2,2,2,1,2
465,2,2,2,3,0,3,1,2,1,1,1,3,1,0,2,2,2,2,0,4,0,1,2,3,1,2,1,1,2,1,2,2,2,1,2,2
466,1,1,2,1,3,1,0,2,2,2,1,1,3,0,1,1,1,1,4,0,0,2,2,3,3,0,2,2,1,2,1,3,1,2,1,2
467,2,1,2,2,1,3,0,2,1,1,1,3,1,0,1,1,1,1,4,0,0,2,2,3,3,0,2,2,2,1,1,3,2,1,1,2
468,1,1,1,3,3,0,1,2,3,3,3,0,1,3,1,1,1,1,4,0,0,1,2,3,3,1,1,2,1,3,1,2,1,3,1,2
469,2,1,2,3,1,2,1,2,2,2,1,1,3,0,2,2,2,2,0,4,0,1,2,3,1,2,1,1,2,2,2,2,2,2,2,2
470,2,2,2,3,0,3,1,2,2,2,3,0,3,1,2,2,2,2,0,4,0,2,2,2,2,0,4,0,2,2,2,2,2,2,2,2
471,1,1,1,1,4,0,0,2,2,2,2,0,4,0,2,2,2,2,0,4,0,2,2,3,3,0,2,2,1,2,2,3,1,2,2,2
472,3,2,2,2,0,3,1,2,2,2,3,0,3,1,2,2,2,2,0,4,0,1,2,2,1,2,2,0,2,2,2,1,2,2,2,2
473,2,2,2,3,0,3,1,2,2,2,2,0,4,0,2,2,2,2,0,4,0,NA,NA,NA,NA,NA,NA,NA,2,2,2,NA,2,2,2,NA
474,2,2,2,2,0,4,0,2,2,2,3,0,3,1,2,2,2,2,0,4,0,1,2,3,1,2,1,1,2,2,2,2,2,2,2,2
475,2,2,2,2,0,4,0,2,2,2,2,0,4,0,2,3,2,3,0,2,2,1,2,1,1,3,1,0,2,2,3,1,2,2,2,1
476,2,2,2,2,0,4,0,2,2,2,1,1,3,0,2,2,3,3,0,2,2,1,2,1,1,3,1,0,2,2,3,1,2,2,2,1
477,1,1,1,1,4,0,0,2,2,2,2,0,4,0,2,2,2,3,0,3,1,2,2,1,2,1,3,0,1,2,2,2,1,2,2,2
478,3,3,2,3,0,1,3,NA,NA,NA,NA,NA,NA,NA,2,2,2,2,0,4,0,2,2,3,3,0,2,2,3,NA,2,3,3,NA,2,2
479,1,1,2,3,2,1,1,2,2,2,1,1,3,0,2,1,1,2,2,2,0,2,2,2,3,0,3,1,2,2,1,2,2,2,2,2
480,2,2,2,2,0,4,0,2,2,2,3,0,3,1,2,2,3,3,0,2,2,2,2,3,3,0,2,2,2,2,3,3,2,2,2,2
481,1,1,1,1,4,0,0,2,2,2,2,0,4,0,2,2,2,2,0,4,0,2,2,3,3,0,2,2,1,2,2,3,1,2,2,2
482,NA,NA,NA,NA,NA,NA,NA,2,2,2,1,1,3,0,3,2,3,3,0,1,3,2,2,3,3,0,2,2,NA,2,3,3,NA,2,3,2
483,2,2,1,3,1,2,1,2,2,2,1,1,3,0,2,2,2,2,0,4,0,2,2,3,3,0,2,2,2,2,2,3,2,2,2,2
484,2,3,2,3,0,2,2,2,2,3,3,0,2,2,2,2,2,2,0,4,0,1,2,1,1,3,1,0,3,3,2,1,2,2,2,1
485,3,2,2,2,0,3,1,3,2,3,3,0,1,3,2,2,2,2,0,4,0,2,2,2,3,0,3,1,2,3,2,2,2,3,2,2
486,1,1,1,1,4,0,0,2,2,2,3,0,3,1,2,2,2,2,0,4,0,2,2,1,1,2,2,0,1,2,2,1,1,2,2,2
487,1,1,2,1,3,1,0,2,2,2,1,1,3,0,3,2,2,2,0,3,1,NA,NA,NA,NA,NA,NA,NA,1,2,2,NA,1,2,2,NA
488,2,2,2,2,0,4,0,2,2,2,1,1,3,0,2,2,2,1,1,3,0,2,2,3,3,0,2,2,2,2,2,3,2,2,2,2
489,2,2,2,3,0,3,1,2,2,3,3,0,2,2,2,2,2,2,0,4,0,1,1,1,1,4,0,0,2,3,2,1,2,2,2,1
490,2,1,2,3,1,2,1,2,2,3,3,0,2,2,3,3,3,3,0,0,4,1,2,2,1,2,2,0,2,3,3,1,2,2,3,2
491,2,2,2,3,0,3,1,2,2,2,1,1,3,0,2,2,1,2,1,3,0,2,2,1,1,2,2,0,2,2,2,1,2,2,2,2
492,2,3,2,2,0,3,1,2,2,2,1,1,3,0,2,2,2,2,0,4,0,1,2,3,3,1,1,2,2,2,2,2,2,2,2,2
493,1,2,1,3,2,1,1,1,1,1,1,4,0,0,2,2,2,2,0,4,0,1,2,1,1,3,1,0,2,1,2,1,2,1,2,1
494,2,2,2,2,0,4,0,2,2,1,1,2,2,0,2,2,2,2,0,4,0,1,2,2,1,2,2,0,2,1,2,1,2,2,2,2
495,2,2,2,3,0,3,1,2,1,2,1,2,2,0,2,2,2,2,0,4,0,1,2,2,3,1,2,1,2,1,2,2,2,2,2,2
496,2,1,2,1,2,2,0,2,2,2,3,0,3,1,2,2,2,2,0,4,0,1,2,2,1,2,2,0,1,2,2,1,2,2,2,2
497,2,1,2,2,1,3,0,1,2,1,1,3,1,0,2,2,3,3,0,2,2,1,2,2,2,1,3,0,2,1,3,2,2,1,2,2
498,2,2,2,3,0,3,1,2,2,2,1,1,3,0,1,2,2,2,1,3,0,1,2,2,1,2,2,0,2,2,2,1,2,2,2,2
499,2,2,2,3,0,3,1,2,2,2,3,0,3,1,1,2,2,2,1,3,0,1,2,1,1,3,1,0,2,2,2,1,2,2,2,1
500,2,1,2,3,1,2,1,2,2,2,2,0,4,0,1,2,2,1,2,2,0,1,1,1,1,4,0,0,2,2,1,1,2,2,2,1
501,1,1,1,1,4,0,0,1,1,1,1,4,0,0,1,2,1,2,2,2,0,2,2,3,3,0,2,2,1,1,1,3,1,1,2,2
502,2,3,2,3,0,2,2,1,1,1,1,4,0,0,2,2,1,1,2,2,0,2,2,3,3,0,2,2,3,1,1,3,2,1,2,2
503,2,1,1,2,2,2,0,2,2,2,2,0,4,0,2,2,3,3,0,2,2,1,2,1,1,3,1,0,1,2,3,1,2,2,2,1
504,2,2,2,2,0,4,0,2,2,2,2,0,4,0,1,1,1,1,4,0,0,1,2,1,1,3,1,0,2,2,1,1,2,2,1,1
505,2,2,2,2,0,4,0,2,2,2,3,0,3,1,2,2,2,2,0,4,0,2,2,1,1,2,2,0,2,2,2,1,2,2,2,2
506,2,2,2,2,0,4,0,2,2,2,1,1,3,0,2,2,2,2,0,4,0,1,1,1,1,4,0,0,2,2,2,1,2,2,2,1
507,2,1,2,2,1,3,0,2,2,2,1,1,3,0,2,2,2,2,0,4,0,1,2,2,1,2,2,0,2,2,2,1,2,2,2,2
508,2,2,2,3,0,3,1,2,2,2,2,0,4,0,2,2,3,2,0,3,1,2,2,3,2,0,3,1,2,2,2,2,2,2,2,2
509,1,3,2,2,1,2,1,2,1,2,1,2,2,0,2,2,2,2,0,4,0,1,2,2,1,2,2,0,2,1,2,1,2,2,2,2
510,2,2,2,2,0,4,0,2,2,3,3,0,2,2,2,2,2,2,0,4,0,1,2,1,1,3,1,0,2,3,2,1,2,2,2,1
511,2,2,2,1,1,3,0,2,2,2,1,1,3,0,2,2,2,2,0,4,0,1,2,3,3,1,1,2,2,2,2,2,2,2,2,2
512,1,1,1,1,4,0,0,1,1,1,1,4,0,0,2,2,2,2,0,4,0,2,2,3,1,1,2,1,1,1,2,2,1,1,2,2
513,2,1,2,1,2,2,0,2,2,2,2,0,4,0,2,2,2,2,0,4,0,2,2,2,1,1,3,0,1,2,2,2,2,2,2,2
514,2,2,2,2,0,4,0,2,1,1,1,3,1,0,2,2,2,2,0,4,0,2,2,3,3,0,2,2,2,1,2,3,2,1,2,2
515,1,2,2,2,1,3,0,2,2,2,2,0,4,0,2,2,2,2,0,4,0,1,1,1,1,4,0,0,2,2,2,1,2,2,2,1
516,2,1,2,2,1,3,0,2,2,2,1,1,3,0,2,2,2,2,0,4,0,2,2,2,2,0,4,0,2,2,2,2,2,2,2,2
517,2,1,2,2,1,3,0,2,2,2,2,0,4,0,1,2,1,2,2,2,0,2,2,2,2,0,4,0,2,2,1,2,2,2,2,2
518,1,1,1,1,4,0,0,2,2,2,2,0,4,0,2,2,2,2,0,4,0,1,2,2,1,2,2,0,1,2,2,1,1,2,2,2
519,3,3,3,1,1,0,3,2,2,2,3,0,3,1,2,2,2,2,0,4,0,1,1,1,1,4,0,0,3,2,2,1,3,2,2,1
520,2,2,2,1,1,3,0,2,2,2,3,0,3,1,2,2,2,2,0,4,0,2,2,2,1,1,3,0,2,2,2,2,2,2,2,2
521,2,1,2,1,2,2,0,2,2,2,2,0,4,0,2,2,2,2,0,4,0,1,2,2,1,2,2,0,1,2,2,1,2,2,2,2
522,3,3,3,3,0,0,4,NA,NA,NA,NA,NA,NA,NA,2,2,2,2,0,4,0,1,2,2,1,2,2,0,3,NA,2,1,3,NA,2,2
523,2,3,2,3,0,2,2,1,1,1,1,4,0,0,2,2,2,2,0,4,0,1,1,1,1,4,0,0,3,1,2,1,2,1,2,1
524,2,2,2,2,0,4,0,2,2,2,2,0,4,0,2,2,2,2,0,4,0,NA,NA,NA,NA,NA,NA,NA,2,2,2,NA,2,2,2,NA
525,2,2,2,2,0,4,0,2,2,2,3,0,3,1,2,2,3,3,0,2,2,3,2,2,1,1,2,1,2,2,3,2,2,2,2,2
526,2,2,2,2,0,4,0,2,2,2,2,0,4,0,2,2,2,2,0,4,0,2,2,2,2,0,4,0,2,2,2,2,2,2,2,2
527,2,1,2,1,2,2,0,2,2,2,2,0,4,0,1,1,1,1,4,0,0,NA,NA,NA,NA,NA,NA,NA,1,2,1,NA,2,2,1,NA
528,2,2,2,1,1,3,0,2,2,2,2,0,4,0,2,2,3,2,0,3,1,1,2,2,2,1,3,0,2,2,2,2,2,2,2,2
529,2,2,2,2,0,4,0,2,2,3,3,0,2,2,2,2,2,2,0,4,0,2,2,3,3,0,2,2,2,3,2,3,2,2,2,2
530,2,2,2,2,0,4,0,2,2,2,3,0,3,1,2,2,2,2,0,4,0,2,2,2,3,0,3,1,2,2,2,2,2,2,2,2
531,1,1,1,1,4,0,0,2,2,2,2,0,4,0,2,2,2,2,0,4,0,2,2,1,2,1,3,0,1,2,2,2,1,2,2,2
532,2,2,2,2,0,4,0,2,2,2,2,0,4,0,2,2,2,2,0,4,0,1,2,1,1,3,1,0,2,2,2,1,2,2,2,1
533,2,1,2,2,1,3,0,2,2,2,2,0,4,0,2,2,2,2,0,4,0,1,2,2,1,2,2,0,2,2,2,1,2,2,2,2
534,2,1,1,1,3,1,0,1,1,1,1,4,0,0,2,2,2,2,0,4,0,1,2,1,1,3,1,0,1,1,2,1,1,1,2,1
535,2,2,2,2,0,4,0,2,2,3,3,0,2,2,2,2,2,2,0,4,0,1,1,1,1,4,0,0,2,3,2,1,2,2,2,1
536,2,3,3,2,0,2,2,2,2,2,2,0,4,0,2,2,1,2,1,3,0,2,2,2,3,0,3,1,3,2,2,2,2,2,2,2
537,2,2,2,3,0,3,1,1,2,2,1,2,2,0,1,1,1,1,4,0,0,2,2,2,2,0,4,0,2,1,1,2,2,2,1,2
538,2,2,2,2,0,4,0,2,2,2,2,0,4,0,2,2,2,2,0,4,0,NA,NA,NA,NA,NA,NA,NA,2,2,2,NA,2,2,2,NA
539,2,2,2,2,0,4,0,1,2,1,1,3,1,0,2,2,2,2,0,4,0,1,2,2,1,2,2,0,2,1,2,1,2,1,2,2
540,2,1,2,2,1,3,0,2,2,3,3,0,2,2,2,2,2,2,0,4,0,1,1,1,1,4,0,0,2,3,2,1,2,2,2,1
541,2,2,2,2,0,4,0,2,2,2,1,1,3,0,2,2,2,2,0,4,0,1,2,1,1,3,1,0,2,2,2,1,2,2,2,1
542,2,2,2,3,0,3,1,1,1,1,1,4,0,0,2,2,2,2,0,4,0,1,2,1,1,3,1,0,2,1,2,1,2,1,2,1
543,2,2,2,2,0,4,0,2,1,2,1,2,2,0,2,2,2,2,0,4,0,1,2,1,1,3,1,0,2,1,2,1,2,2,2,1
544,2,3,2,3,0,2,2,2,2,3,2,0,3,1,2,2,2,2,0,4,0,1,2,2,1,2,2,0,3,2,2,1,2,2,2,2
545,1,1,1,1,4,0,0,2,2,2,3,0,3,1,1,2,1,2,2,2,0,2,2,2,3,0,3,1,1,2,1,2,1,2,2,2
546,1,1,1,1,4,0,0,2,2,2,2,0,4,0,2,2,2,2,0,4,0,1,2,1,1,3,1,0,1,2,2,1,1,2,2,1
547,2,1,2,1,2,2,0,2,2,2,2,0,4,0,2,2,2,2,0,4,0,1,2,1,1,3,1,0,1,2,2,1,2,2,2,1
548,2,2,2,2,0,4,0,2,2,2,2,0,4,0,2,2,3,3,0,2,2,1,2,1,1,3,1,0,2,2,3,1,2,2,2,1
549,2,3,2,2,0,3,1,2,2,1,2,1,3,0,2,2,2,2,0,4,0,2,2,3,2,0,3,1,2,2,2,2,2,2,2,2
550,1,1,2,1,3,1,0,2,2,2,2,0,4,0,2,2,2,2,0,4,0,1,2,1,1,3,1,0,1,2,2,1,1,2,2,1
551,2,1,2,2,1,3,0,2,2,2,3,0,3,1,3,2,3,3,0,1,3,1,2,1,1,3,1,0,2,2,3,1,2,2,3,1
552,2,2,2,3,0,3,1,2,2,3,3,0,2,2,2,2,3,3,0,2,2,2,2,2,3,0,3,1,2,3,3,2,2,2,2,2
553,1,1,2,1,3,1,0,2,2,2,2,0,4,0,1,1,1,1,4,0,0,1,2,3,1,2,1,1,1,2,1,2,1,2,1,2
554,2,2,2,3,0,3,1,2,2,2,1,1,3,0,2,2,2,2,0,4,0,2,2,2,3,0,3,1,2,2,2,2,2,2,2,2
555,2,2,2,3,0,3,1,2,2,2,2,0,4,0,2,2,1,2,1,3,0,1,2,1,1,3,1,0,2,2,2,1,2,2,2,1
556,2,2,3,2,0,3,1,2,2,3,3,0,2,2,2,2,2,2,0,4,0,2,2,2,1,1,3,0,2,3,2,2,2,2,2,2
557,2,2,2,1,1,3,0,2,2,3,3,0,2,2,2,2,3,2,0,3,1,1,2,1,1,3,1,0,2,3,2,1,2,2,2,1
558,2,1,2,3,1,2,1,1,1,1,1,4,0,0,2,2,2,2,0,4,0,1,2,1,1,3,1,0,2,1,2,1,2,1,2,1
559,1,1,2,1,3,1,0,1,2,1,1,3,1,0,3,2,3,3,0,1,3,2,2,2,1,1,3,0,1,1,3,2,1,1,3,2
560,1,1,1,1,4,0,0,2,1,2,1,2,2,0,2,2,2,2,0,4,0,2,2,2,2,0,4,0,1,1,2,2,1,2,2,2
561,2,2,2,2,0,4,0,2,2,3,3,0,2,2,2,2,3,2,0,3,1,2,2,2,2,0,4,0,2,3,2,2,2,2,2,2
562,2,3,2,3,0,2,2,2,2,2,1,1,3,0,2,2,1,2,1,3,0,2,2,2,1,1,3,0,3,2,2,2,2,2,2,2
563,3,3,3,3,0,0,4,2,2,2,2,0,4,0,1,2,2,1,2,2,0,2,2,3,1,1,2,1,3,2,1,2,3,2,2,2
564,2,2,2,2,0,4,0,2,2,2,2,0,4,0,1,1,2,1,3,1,0,2,2,2,1,1,3,0,2,2,1,2,2,2,1,2
565,2,2,2,2,0,4,0,2,2,2,1,1,3,0,2,2,3,3,0,2,2,1,2,2,1,2,2,0,2,2,3,1,2,2,2,2
566,2,2,2,2,0,4,0,2,2,2,1,1,3,0,2,2,2,3,0,3,1,1,2,2,1,2,2,0,2,2,2,1,2,2,2,2
567,2,2,2,2,0,4,0,2,2,2,3,0,3,1,1,2,1,2,2,2,0,1,1,1,1,4,0,0,2,2,1,1,2,2,2,1
568,1,1,1,1,4,0,0,2,2,2,2,0,4,0,NA,NA,NA,NA,NA,NA,NA,1,1,1,1,4,0,0,1,2,NA,1,1,2,NA,1
569,2,1,2,1,2,2,0,1,1,1,1,4,0,0,2,2,2,2,0,4,0,2,2,2,1,1,3,0,1,1,2,2,2,1,2,2
570,2,2,2,2,0,4,0,2,2,3,3,0,2,2,2,2,2,3,0,3,1,1,2,2,1,2,2,0,2,3,2,1,2,2,2,2
571,2,3,2,3,0,2,2,2,2,2,1,1,3,0,2,2,3,3,0,2,2,1,2,1,1,3,1,0,3,2,3,1,2,2,2,1
572,2,3,2,2,0,3,1,1,1,1,1,4,0,0,2,2,2,3,0,3,1,1,2,2,1,2,2,0,2,1,2,1,2,1,2,2
573,2,2,2,1,1,3,0,2,2,2,1,1,3,0,2,2,2,2,0,4,0,2,2,2,2,0,4,0,2,2,2,2,2,2,2,2
574,2,2,2,2,0,4,0,2,2,2,1,1,3,0,2,2,2,2,0,4,0,2,2,3,1,1,2,1,2,2,2,2,2,2,2,2
575,2,3,2,3,0,2,2,2,2,2,2,0,4,0,2,2,2,3,0,3,1,1,2,2,1,2,2,0,3,2,2,1,2,2,2,2
576,2,2,2,1,1,3,0,2,2,3,3,0,2,2,1,2,2,2,1,3,0,2,2,2,2,0,4,0,2,3,2,2,2,2,2,2
577,2,1,1,1,3,1,0,2,2,2,3,0,3,1,2,2,2,3,0,3,1,2,2,2,2,0,4,0,1,2,2,2,1,2,2,2
578,1,2,2,1,2,2,0,2,2,2,2,0,4,0,2,1,2,2,1,3,0,1,2,3,1,2,1,1,1,2,2,2,2,2,2,2
579,2,2,2,3,0,3,1,2,2,3,3,0,2,2,2,2,3,2,0,3,1,1,2,1,1,3,1,0,2,3,2,1,2,2,2,1
580,2,2,2,1,1,3,0,2,2,2,3,0,3,1,2,2,2,2,0,4,0,1,2,1,1,3,1,0,2,2,2,1,2,2,2,1
581,2,1,2,1,2,2,0,2,1,2,1,2,2,0,2,2,2,3,0,3,1,NA,NA,NA,NA,NA,NA,NA,1,1,2,NA,2,2,2,NA
582,2,1,2,2,1,3,0,2,1,1,1,3,1,0,1,2,2,2,1,3,0,1,2,2,1,2,2,0,2,1,2,1,2,1,2,2
583,2,2,2,3,0,3,1,2,2,3,3,0,2,2,NA,NA,NA,NA,NA,NA,NA,1,2,3,1,2,1,1,2,3,NA,2,2,2,NA,2
584,2,2,2,2,0,4,0,2,2,3,3,0,2,2,1,1,1,2,3,1,0,1,2,2,1,2,2,0,2,3,1,1,2,2,1,2
585,2,3,2,2,0,3,1,2,2,2,3,0,3,1,2,2,2,2,0,4,0,1,1,1,1,4,0,0,2,2,2,1,2,2,2,1
586,2,2,2,2,0,4,0,2,2,2,3,0,3,1,1,2,2,2,1,3,0,1,2,2,2,1,3,0,2,2,2,2,2,2,2,2
587,2,2,2,2,0,4,0,2,2,2,2,0,4,0,1,2,2,2,1,3,0,2,2,2,2,0,4,0,2,2,2,2,2,2,2,2
588,2,2,2,3,0,3,1,2,2,2,1,1,3,0,2,2,2,2,0,4,0,1,2,2,1,2,2,0,2,2,2,1,2,2,2,2
589,1,1,2,1,3,1,0,2,2,2,3,0,3,1,2,2,2,2,0,4,0,2,2,3,2,0,3,1,1,2,2,2,1,2,2,2
590,2,2,2,3,0,3,1,2,2,2,3,0,3,1,1,1,1,1,4,0,0,2,2,3,3,0,2,2,2,2,1,3,2,2,1,2
591,2,2,2,2,0,4,0,1,1,1,1,4,0,0,2,2,2,2,0,4,0,1,1,1,1,4,0,0,2,1,2,1,2,1,2,1
592,2,2,2,2,0,4,0,2,2,2,3,0,3,1,2,2,2,2,0,4,0,2,2,2,1,1,3,0,2,2,2,2,2,2,2,2
593,1,1,1,1,4,0,0,2,2,2,2,0,4,0,2,2,2,2,0,4,0,1,2,2,1,2,2,0,1,2,2,1,1,2,2,2
594,2,1,2,2,1,3,0,2,2,2,1,1,3,0,2,2,2,3,0,3,1,NA,NA,NA,NA,NA,NA,NA,2,2,2,NA,2,2,2,NA
595,2,2,2,3,0,3,1,2,2,2,3,0,3,1,1,1,1,1,4,0,0,1,2,2,1,2,2,0,2,2,1,1,2,2,1,2
596,2,2,2,2,0,4,0,2,2,1,1,2,2,0,2,2,2,2,0,4,0,1,1,1,1,4,0,0,2,1,2,1,2,2,2,1
597,3,2,2,2,0,3,1,2,2,2,3,0,3,1,2,2,1,1,2,2,0,1,1,1,1,4,0,0,2,2,1,1,2,2,2,1
598,2,1,2,1,2,2,0,2,2,2,2,0,4,0,1,2,2,1,2,2,0,1,2,1,1,3,1,0,1,2,1,1,2,2,2,1
599,2,3,2,3,0,2,2,2,2,2,2,0,4,0,2,2,3,3,0,2,2,2,2,2,2,0,4,0,3,2,3,2,2,2,2,2
600,2,1,1,1,3,1,0,2,2,2,3,0,3,1,1,2,1,1,3,1,0,2,2,2,2,0,4,0,1,2,1,2,1,2,1,2
601,2,2,2,1,1,3,0,2,2,2,3,0,3,1,2,2,2,3,0,3,1,NA,NA,NA,NA,NA,NA,NA,2,2,2,NA,2,2,2,NA
602,2,2,2,2,0,4,0,2,2,2,2,0,4,0,2,2,1,2,1,3,0,2,2,3,1,1,2,1,2,2,2,2,2,2,2,2
603,2,1,2,2,1,3,0,2,2,2,3,0,3,1,1,2,2,2,1,3,0,2,2,3,2,0,3,1,2,2,2,2,2,2,2,2
604,2,2,2,3,0,3,1,2,1,2,2,1,3,0,2,2,2,3,0,3,1,1,2,2,1,2,2,0,2,2,2,1,2,2,2,2
605,2,2,2,3,0,3,1,2,1,2,1,2,2,0,2,2,2,2,0,4,0,1,2,2,1,2,2,0,2,1,2,1,2,2,2,2
606,2,1,2,1,2,2,0,2,2,2,3,0,3,1,2,2,2,2,0,4,0,2,2,3,1,1,2,1,1,2,2,2,2,2,2,2
607,1,2,1,1,3,1,0,2,2,2,3,0,3,1,2,2,2,2,0,4,0,2,1,1,1,3,1,0,1,2,2,1,1,2,2,1
608,2,2,2,2,0,4,0,2,2,3,3,0,2,2,2,2,2,2,0,4,0,1,2,1,1,3,1,0,2,3,2,1,2,2,2,1
609,2,2,2,2,0,4,0,2,2,2,3,0,3,1,2,1,2,2,1,3,0,1,2,1,1,3,1,0,2,2,2,1,2,2,2,1
610,2,2,2,2,0,4,0,1,1,1,1,4,0,0,2,2,2,2,0,4,0,1,1,1,1,4,0,0,2,1,2,1,2,1,2,1
611,1,1,1,1,4,0,0,2,2,2,3,0,3,1,1,2,2,2,1,3,0,1,1,2,1,3,1,0,1,2,2,1,1,2,2,1
612,2,2,2,2,0,4,0,2,2,2,2,0,4,0,2,2,2,2,0,4,0,1,2,3,1,2,1,1,2,2,2,2,2,2,2,2
613,2,2,2,2,0,4,0,2,2,2,1,1,3,0,2,2,2,2,0,4,0,1,2,1,1,3,1,0,2,2,2,1,2,2,2,1
614,2,1,1,1,3,1,0,2,2,2,3,0,3,1,3,2,2,3,0,2,2,1,1,1,1,4,0,0,1,2,3,1,1,2,2,1
615,2,2,2,2,0,4,0,2,2,2,2,0,4,0,2,2,3,3,0,2,2,1,2,2,1,2,2,0,2,2,3,1,2,2,2,2
616,1,1,1,1,4,0,0,2,2,2,3,0,3,1,1,1,1,1,4,0,0,1,2,1,1,3,1,0,1,2,1,1,1,2,1,1
617,2,2,2,3,0,3,1,2,2,2,3,0,3,1,2,2,3,2,0,3,1,2,2,2,2,0,4,0,2,2,2,2,2,2,2,2
618,2,2,2,1,1,3,0,2,2,2,1,1,3,0,2,2,2,2,0,4,0,2,2,3,1,1,2,1,2,2,2,2,2,2,2,2
619,3,3,3,3,0,0,4,2,2,2,3,0,3,1,2,2,2,3,0,3,1,2,2,2,2,0,4,0,3,2,2,2,3,2,2,2
620,2,3,2,3,0,2,2,2,2,2,3,0,3,1,1,2,2,2,1,3,0,2,2,2,3,0,3,1,3,2,2,2,2,2,2,2
621,2,2,2,2,0,4,0,1,1,1,1,4,0,0,2,1,2,2,1,3,0,1,2,1,1,3,1,0,2,1,2,1,2,1,2,1
622,2,2,2,2,0,4,0,1,2,1,1,3,1,0,2,2,2,2,0,4,0,2,2,2,2,0,4,0,2,1,2,2,2,1,2,2
623,2,1,1,1,3,1,0,2,1,1,1,3,1,0,2,2,2,2,0,4,0,1,2,2,1,2,2,0,1,1,2,1,1,1,2,2
624,2,2,2,2,0,4,0,1,1,1,1,4,0,0,2,2,2,2,0,4,0,1,1,1,1,4,0,0,2,1,2,1,2,1,2,1
625,1,1,1,1,4,0,0,2,2,2,1,1,3,0,2,2,2,2,0,4,0,1,2,1,1,3,1,0,1,2,2,1,1,2,2,1
626,2,2,2,2,0,4,0,2,2,2,1,1,3,0,2,2,2,3,0,3,1,1,2,1,1,3,1,0,2,2,2,1,2,2,2,1
627,3,3,3,2,0,1,3,2,2,2,1,1,3,0,2,2,2,2,0,4,0,1,2,1,1,3,1,0,3,2,2,1,3,2,2,1
628,2,2,2,2,0,4,0,2,2,2,2,0,4,0,1,2,2,2,1,3,0,1,2,1,2,2,2,0,2,2,2,1,2,2,2,2
629,2,2,3,1,1,2,1,2,2,1,1,2,2,0,2,2,2,2,0,4,0,NA,NA,NA,NA,NA,NA,NA,2,1,2,NA,2,2,2,NA
630,2,2,2,1,1,3,0,2,2,2,1,1,3,0,2,2,2,2,0,4,0,1,2,1,1,3,1,0,2,2,2,1,2,2,2,1
631,2,2,2,2,0,4,0,2,2,2,1,1,3,0,2,2,2,2,0,4,0,2,2,3,1,1,2,1,2,2,2,2,2,2,2,2
632,2,2,2,3,0,3,1,2,2,2,1,1,3,0,2,2,3,3,0,2,2,1,2,3,1,2,1,1,2,2,3,2,2,2,2,2
633,2,2,2,3,0,3,1,2,2,2,1,1,3,0,2,2,2,2,0,4,0,1,2,1,1,3,1,0,2,2,2,1,2,2,2,1
634,2,2,2,1,1,3,0,NA,NA,NA,NA,NA,NA,NA,2,2,3,2,0,3,1,1,1,1,1,4,0,0,2,NA,2,1,2,NA,2,1
635,2,3,2,3,0,2,2,2,2,2,1,1,3,0,1,2,2,2,1,3,0,2,2,3,1,1,2,1,3,2,2,2,2,2,2,2
636,1,2,2,3,1,2,1,2,2,2,1,1,3,0,2,2,2,2,0,4,0,1,2,1,1,3,1,0,2,2,2,1,2,2,2,1
637,2,2,2,3,0,3,1,2,2,2,2,0,4,0,2,2,2,2,0,4,0,2,2,2,3,0,3,1,2,2,2,2,2,2,2,2
638,1,1,1,1,4,0,0,2,2,2,3,0,3,1,2,2,2,2,0,4,0,1,2,1,1,3,1,0,1,2,2,1,1,2,2,1
639,2,2,2,2,0,4,0,2,2,2,2,0,4,0,2,2,2,2,0,4,0,2,2,2,2,0,4,0,2,2,2,2,2,2,2,2
640,1,1,1,1,4,0,0,NA,NA,NA,NA,NA,NA,NA,2,2,2,2,0,4,0,1,2,1,1,3,1,0,1,NA,2,1,1,NA,2,1
641,1,1,1,1,4,0,0,2,2,2,3,0,3,1,2,2,2,2,0,4,0,1,1,1,1,4,0,0,1,2,2,1,1,2,2,1
642,2,1,2,1,2,2,0,2,2,2,1,1,3,0,2,2,3,2,0,3,1,1,2,1,1,3,1,0,1,2,2,1,2,2,2,1
643,1,2,2,1,2,2,0,2,2,2,2,0,4,0,2,2,2,2,0,4,0,1,2,1,2,2,2,0,1,2,2,1,2,2,2,2
644,2,2,2,2,0,4,0,2,2,2,3,0,3,1,2,2,2,2,0,4,0,1,2,2,1,2,2,0,2,2,2,1,2,2,2,2
645,2,2,2,2,0,4,0,2,2,2,2,0,4,0,2,2,2,2,0,4,0,2,2,2,2,0,4,0,2,2,2,2,2,2,2,2
646,2,2,2,1,1,3,0,2,2,2,1,1,3,0,2,2,2,2,0,4,0,1,2,1,1,3,1,0,2,2,2,1,2,2,2,1
647,2,3,2,3,0,2,2,2,2,2,1,1,3,0,2,2,2,3,0,3,1,2,2,2,1,1,3,0,3,2,2,2,2,2,2,2
648,2,2,2,2,0,4,0,2,2,2,1,1,3,0,2,2,2,2,0,4,0,1,2,2,2,1,3,0,2,2,2,2,2,2,2,2
649,1,2,1,1,3,1,0,2,1,2,1,2,2,0,2,2,1,2,1,3,0,1,2,2,1,2,2,0,1,1,2,1,1,2,2,2
650,2,3,2,3,0,2,2,1,3,2,1,2,1,1,2,2,2,2,0,4,0,1,2,2,2,1,3,0,3,2,2,2,2,2,2,2
651,2,2,2,2,0,4,0,2,1,2,1,2,2,0,2,2,2,2,0,4,0,2,2,3,3,0,2,2,2,1,2,3,2,2,2,2
652,2,3,2,2,0,3,1,1,1,2,1,3,1,0,2,2,2,2,0,4,0,1,1,1,1,4,0,0,2,1,2,1,2,1,2,1
653,2,1,2,1,2,2,0,2,2,2,2,0,4,0,1,1,1,1,4,0,0,1,1,1,1,4,0,0,1,2,1,1,2,2,1,1
654,2,1,2,2,1,3,0,1,2,1,1,3,1,0,1,2,1,2,2,2,0,1,2,2,2,1,3,0,2,1,1,2,2,1,2,2
655,1,1,2,1,3,1,0,2,2,2,2,0,4,0,2,2,2,2,0,4,0,2,2,3,2,0,3,1,1,2,2,2,1,2,2,2
656,2,2,2,2,0,4,0,2,2,2,3,0,3,1,2,2,2,2,0,4,0,2,2,3,2,0,3,1,2,2,2,2,2,2,2,2
657,2,2,2,2,0,4,0,1,1,1,1,4,0,0,2,2,2,2,0,4,0,2,2,3,2,0,3,1,2,1,2,2,2,1,2,2
658,2,2,2,1,1,3,0,2,2,2,3,0,3,1,1,1,1,1,4,0,0,2,2,2,3,0,3,1,2,2,1,2,2,2,1,2
659,2,3,1,3,1,1,2,2,2,2,3,0,3,1,2,2,2,2,0,4,0,1,2,2,2,1,3,0,2,2,2,2,2,2,2,2
660,2,3,2,3,0,2,2,2,2,2,2,0,4,0,3,2,3,3,0,1,3,2,2,3,3,0,2,2,3,2,3,3,2,2,3,2
661,1,2,2,1,2,2,0,2,2,2,3,0,3,1,2,2,1,2,1,3,0,2,2,3,3,0,2,2,1,2,2,3,2,2,2,2
662,2,2,2,2,0,4,0,2,2,3,3,0,2,2,2,2,2,2,0,4,0,NA,NA,NA,NA,NA,NA,NA,2,3,2,NA,2,2,2,NA
663,2,3,2,2,0,3,1,2,1,1,1,3,1,0,2,2,2,2,0,4,0,2,2,3,3,0,2,2,2,1,2,3,2,1,2,2
664,2,2,2,1,1,3,0,2,2,2,3,0,3,1,2,2,2,2,0,4,0,1,1,1,1,4,0,0,2,2,2,1,2,2,2,1
665,2,2,2,2,0,4,0,2,2,2,1,1,3,0,2,1,2,2,1,3,0,2,2,2,2,0,4,0,2,2,2,2,2,2,2,2
666,1,1,1,1,4,0,0,1,1,1,1,4,0,0,1,1,1,1,4,0,0,1,2,1,1,3,1,0,1,1,1,1,1,1,1,1
667,2,2,2,2,0,4,0,2,2,2,3,0,3,1,2,2,2,2,0,4,0,1,2,1,1,3,1,0,2,2,2,1,2,2,2,1
668,2,2,1,2,1,3,0,2,3,3,3,0,1,3,2,2,2,3,0,3,1,2,2,1,2,1,3,0,2,3,2,2,2,3,2,2
669,1,1,2,1,3,1,0,2,2,2,3,0,3,1,2,2,2,2,0,4,0,2,2,3,3,0,2,2,1,2,2,3,1,2,2,2
670,1,1,2,1,3,1,0,2,3,3,3,0,1,3,2,2,2,2,0,4,0,NA,NA,NA,NA,NA,NA,NA,1,3,2,NA,1,3,2,NA
671,1,1,1,1,4,0,0,2,2,2,1,1,3,0,2,2,3,3,0,2,2,2,2,3,2,0,3,1,1,2,3,2,1,2,2,2
672,1,1,2,1,3,1,0,2,2,2,3,0,3,1,2,2,2,2,0,4,0,1,2,1,1,3,1,0,1,2,2,1,1,2,2,1
673,2,3,2,3,0,2,2,2,2,2,2,0,4,0,2,2,2,3,0,3,1,2,2,2,2,0,4,0,3,2,2,2,2,2,2,2
674,2,2,2,2,0,4,0,2,2,2,2,0,4,0,2,2,2,2,0,4,0,1,2,1,1,3,1,0,2,2,2,1,2,2,2,1
675,2,2,2,2,0,4,0,2,2,2,2,0,4,0,2,2,2,2,0,4,0,1,2,1,1,3,1,0,2,2,2,1,2,2,2,1
676,2,2,2,2,0,4,0,2,2,2,3,0,3,1,2,2,2,3,0,3,1,1,1,1,1,4,0,0,2,2,2,1,2,2,2,1
677,2,2,2,2,0,4,0,2,2,2,3,0,3,1,2,2,2,2,0,4,0,2,2,2,1,1,3,0,2,2,2,2,2,2,2,2
678,2,2,2,2,0,4,0,2,2,2,2,0,4,0,2,2,2,2,0,4,0,1,2,2,2,1,3,0,2,2,2,2,2,2,2,2
679,2,3,3,3,0,1,3,1,2,2,1,2,2,0,2,2,2,3,0,3,1,1,1,1,1,4,0,0,3,1,2,1,3,2,2,1
680,1,1,2,1,3,1,0,2,2,2,2,0,4,0,2,2,2,2,0,4,0,1,2,2,1,2,2,0,1,2,2,1,1,2,2,2
681,2,1,2,2,1,3,0,2,2,3,3,0,2,2,2,2,2,2,0,4,0,2,2,1,2,1,3,0,2,3,2,2,2,2,2,2
682,2,1,2,1,2,2,0,2,1,2,1,2,2,0,2,2,2,3,0,3,1,2,2,2,2,0,4,0,1,1,2,2,2,2,2,2
683,2,2,2,3,0,3,1,2,2,3,3,0,2,2,2,2,2,2,0,4,0,1,2,1,1,3,1,0,2,3,2,1,2,2,2,1
684,2,2,2,1,1,3,0,2,2,2,1,1,3,0,2,2,2,2,0,4,0,2,2,3,2,0,3,1,2,2,2,2,2,2,2,2
685,2,3,2,1,1,2,1,2,2,2,2,0,4,0,2,2,2,2,0,4,0,1,2,3,2,1,2,1,2,2,2,2,2,2,2,2
686,2,2,2,1,1,3,0,2,2,1,1,2,2,0,2,2,2,2,0,4,0,1,2,1,1,3,1,0,2,1,2,1,2,2,2,1
687,1,1,2,1,3,1,0,2,2,2,2,0,4,0,2,2,2,2,0,4,0,2,2,1,1,2,2,0,1,2,2,1,1,2,2,2
688,2,2,2,2,0,4,0,2,2,2,1,1,3,0,1,2,1,2,2,2,0,2,2,2,3,0,3,1,2,2,1,2,2,2,2,2
689,2,2,2,3,0,3,1,2,2,2,2,0,4,0,2,2,2,2,0,4,0,2,2,3,2,0,3,1,2,2,2,2,2,2,2,2
690,3,2,2,3,0,2,2,2,2,2,1,1,3,0,2,2,2,2,0,4,0,1,1,1,1,4,0,0,3,2,2,1,2,2,2,1
691,2,1,2,2,1,3,0,2,2,3,3,0,2,2,2,2,2,2,0,4,0,1,2,2,1,2,2,0,2,3,2,1,2,2,2,2
692,2,2,2,1,1,3,0,2,1,1,1,3,1,0,2,2,3,3,0,2,2,1,2,3,3,1,1,2,2,1,3,2,2,1,2,2
693,2,2,2,3,0,3,1,2,2,2,1,1,3,0,2,2,2,2,0,4,0,NA,NA,NA,NA,NA,NA,NA,2,2,2,NA,2,2,2,NA
694,2,2,2,3,0,3,1,2,2,2,1,1,3,0,2,2,2,2,0,4,0,3,2,3,1,1,1,2,2,2,2,2,2,2,2,2
695,2,2,3,3,0,2,2,2,2,2,2,0,4,0,2,2,2,2,0,4,0,2,2,2,3,0,3,1,3,2,2,2,2,2,2,2
696,3,3,2,3,0,1,3,2,2,2,1,1,3,0,2,2,2,3,0,3,1,2,2,3,3,0,2,2,3,2,2,3,3,2,2,2
697,2,3,2,3,0,2,2,2,2,2,2,0,4,0,2,2,2,3,0,3,1,2,2,3,3,0,2,2,3,2,2,3,2,2,2,2
698,2,2,2,2,0,4,0,2,2,2,1,1,3,0,3,1,3,2,1,1,2,2,2,3,3,0,2,2,2,2,2,3,2,2,2,2
699,2,2,2,2,0,4,0,1,2,1,1,3,1,0,2,2,2,2,0,4,0,1,2,1,1,3,1,0,2,1,2,1,2,1,2,1
700,2,2,2,2,0,4,0,2,2,2,1,1,3,0,2,2,2,2,0,4,0,2,2,3,3,0,2,2,2,2,2,3,2,2,2,2
701,2,2,2,2,0,4,0,2,2,2,3,0,3,1,2,2,2,2,0,4,0,1,1,1,1,4,0,0,2,2,2,1,2,2,2,1
702,2,2,2,2,0,4,0,2,2,2,3,0,3,1,2,2,2,2,0,4,0,2,2,2,1,1,3,0,2,2,2,2,2,2,2,2
703,2,2,2,2,0,4,0,1,1,1,1,4,0,0,2,2,2,2,0,4,0,1,2,1,1,3,1,0,2,1,2,1,2,1,2,1
704,2,1,1,2,2,2,0,2,1,1,1,3,1,0,2,2,2,2,0,4,0,1,1,1,1,4,0,0,1,1,2,1,2,1,2,1
705,3,2,3,3,0,1,3,2,2,2,2,0,4,0,1,2,2,2,1,3,0,2,2,3,2,0,3,1,3,2,2,2,3,2,2,2
706,2,2,2,3,0,3,1,2,2,2,2,0,4,0,2,2,2,2,0,4,0,NA,NA,NA,NA,NA,NA,NA,2,2,2,NA,2,2,2,NA
707,2,2,2,3,0,3,1,2,2,3,3,0,2,2,2,1,2,2,1,3,0,2,2,1,1,2,2,0,2,3,2,1,2,2,2,2
708,2,2,2,1,1,3,0,1,1,1,1,4,0,0,2,1,1,1,3,1,0,2,2,2,2,0,4,0,2,1,1,2,2,1,1,2
709,1,1,2,1,3,1,0,2,2,1,3,1,2,1,3,2,3,2,0,2,2,2,2,2,2,0,4,0,1,2,3,2,1,2,2,2
710,2,1,2,1,2,2,0,2,2,2,3,0,3,1,2,2,2,2,0,4,0,1,1,1,1,4,0,0,1,2,2,1,2,2,2,1
711,1,1,1,1,4,0,0,1,1,1,1,4,0,0,1,2,2,2,1,3,0,1,1,1,1,4,0,0,1,1,2,1,1,1,2,1
712,2,1,2,1,2,2,0,2,2,1,1,2,2,0,2,2,2,2,0,4,0,2,2,2,1,1,3,0,1,1,2,2,2,2,2,2
713,2,2,2,1,1,3,0,2,2,2,2,0,4,0,2,2,2,2,0,4,0,1,2,1,1,3,1,0,2,2,2,1,2,2,2,1
714,2,1,2,1,2,2,0,2,2,2,1,1,3,0,2,2,3,3,0,2,2,1,2,3,1,2,1,1,1,2,3,2,2,2,2,2
715,2,1,1,1,3,1,0,2,2,1,1,2,2,0,2,2,2,2,0,4,0,2,2,1,1,2,2,0,1,1,2,1,1,2,2,2
716,2,2,2,2,0,4,0,2,2,2,1,1,3,0,2,2,2,2,0,4,0,2,2,1,2,1,3,0,2,2,2,2,2,2,2,2
717,1,1,1,3,3,0,1,2,2,2,3,0,3,1,2,2,2,2,0,4,0,1,2,2,1,2,2,0,1,2,2,1,1,2,2,2
718,1,1,1,1,4,0,0,2,2,2,2,0,4,0,2,2,2,2,0,4,0,1,2,3,2,1,2,1,1,2,2,2,1,2,2,2
719,2,2,2,2,0,4,0,2,2,2,1,1,3,0,3,2,3,3,0,1,3,2,2,2,1,1,3,0,2,2,3,2,2,2,3,2
720,2,2,2,2,0,4,0,2,2,2,1,1,3,0,2,2,2,2,0,4,0,1,1,1,1,4,0,0,2,2,2,1,2,2,2,1
721,2,3,2,2,0,3,1,2,2,2,1,1,3,0,2,2,2,2,0,4,0,2,2,3,3,0,2,2,2,2,2,3,2,2,2,2
722,2,3,2,3,0,2,2,2,2,2,2,0,4,0,2,2,2,2,0,4,0,2,2,2,2,0,4,0,3,2,2,2,2,2,2,2
723,2,2,2,1,1,3,0,2,2,2,3,0,3,1,2,2,2,2,0,4,0,2,2,2,3,0,3,1,2,2,2,2,2,2,2,2
724,3,3,3,3,0,0,4,2,1,2,1,2,2,0,2,1,1,1,3,1,0,2,2,1,2,1,3,0,3,1,1,2,3,2,1,2
725,2,1,1,1,3,1,0,2,2,2,3,0,3,1,2,2,2,2,0,4,0,2,2,3,2,0,3,1,1,2,2,2,1,2,2,2
726,1,2,1,1,3,1,0,2,2,2,1,1,3,0,2,2,2,2,0,4,0,NA,NA,NA,NA,NA,NA,NA,1,2,2,NA,1,2,2,NA
727,2,3,2,3,0,2,2,2,2,2,3,0,3,1,2,2,2,2,0,4,0,1,2,3,1,2,1,1,3,2,2,2,2,2,2,2
728,1,2,1,1,3,1,0,2,2,2,1,1,3,0,2,2,2,2,0,4,0,1,2,1,1,3,1,0,1,2,2,1,1,2,2,1
729,2,2,2,3,0,3,1,1,1,2,1,3,1,0,2,2,2,2,0,4,0,1,1,1,1,4,0,0,2,1,2,1,2,1,2,1
730,2,3,2,3,0,2,2,2,2,3,3,0,2,2,2,2,1,2,1,3,0,1,2,1,1,3,1,0,3,3,2,1,2,2,2,1
731,2,2,2,2,0,4,0,2,2,2,3,0,3,1,2,2,2,2,0,4,0,1,2,1,1,3,1,0,2,2,2,1,2,2,2,1
732,1,2,2,2,1,3,0,2,2,2,3,0,3,1,3,2,2,3,0,2,2,1,1,1,1,4,0,0,2,2,3,1,2,2,2,1
733,1,2,2,1,2,2,0,2,1,2,1,2,2,0,2,2,2,2,0,4,0,NA,NA,NA,NA,NA,NA,NA,1,1,2,NA,2,2,2,NA
734,1,2,1,1,3,1,0,2,2,2,2,0,4,0,2,2,2,2,0,4,0,1,1,1,1,4,0,0,1,2,2,1,1,2,2,1
735,2,2,2,2,0,4,0,2,2,2,1,1,3,0,2,2,2,2,0,4,0,2,2,3,3,0,2,2,2,2,2,3,2,2,2,2
736,2,3,2,2,0,3,1,2,2,2,3,0,3,1,2,2,2,2,0,4,0,3,2,2,3,0,2,2,2,2,2,3,2,2,2,2
737,2,3,2,3,0,2,2,2,2,2,1,1,3,0,1,2,1,2,2,2,0,1,2,2,1,2,2,0,3,2,1,1,2,2,2,2
738,2,2,2,2,0,4,0,2,2,2,1,1,3,0,1,2,2,2,1,3,0,2,2,2,3,0,3,1,2,2,2,2,2,2,2,2
739,2,1,2,1,2,2,0,2,2,2,1,1,3,0,2,2,2,2,0,4,0,1,2,1,1,3,1,0,1,2,2,1,2,2,2,1
740,2,2,2,3,0,3,1,2,2,2,3,0,3,1,1,2,1,2,2,2,0,1,2,1,1,3,1,0,2,2,1,1,2,2,2,1
741,2,1,2,1,2,2,0,2,2,2,1,1,3,0,2,2,2,2,0,4,0,1,2,1,1,3,1,0,1,2,2,1,2,2,2,1
742,2,2,2,1,1,3,0,1,2,2,1,2,2,0,2,2,2,2,0,4,0,2,2,3,1,1,2,1,2,1,2,2,2,2,2,2
743,2,3,2,1,1,2,1,2,2,2,1,1,3,0,1,1,1,1,4,0,0,NA,NA,NA,NA,NA,NA,NA,2,2,1,NA,2,2,1,NA
744,2,2,2,2,0,4,0,1,2,1,1,3,1,0,2,2,2,2,0,4,0,1,1,1,1,4,0,0,2,1,2,1,2,1,2,1
745,2,2,2,3,0,3,1,2,1,1,1,3,1,0,2,2,3,3,0,2,2,2,2,3,2,0,3,1,2,1,3,2,2,1,2,2
746,2,1,2,1,2,2,0,1,1,1,1,4,0,0,1,2,2,2,1,3,0,NA,NA,NA,NA,NA,NA,NA,1,1,2,NA,2,1,2,NA
747,2,2,2,3,0,3,1,1,1,1,1,4,0,0,2,2,2,2,0,4,0,2,2,2,1,1,3,0,2,1,2,2,2,1,2,2
748,2,2,2,3,0,3,1,2,2,2,1,1,3,0,2,2,2,2,0,4,0,NA,NA,NA,NA,NA,NA,NA,2,2,2,NA,2,2,2,NA
749,1,1,1,1,4,0,0,2,2,2,1,1,3,0,2,2,2,2,0,4,0,2,2,2,2,0,4,0,1,2,2,2,1,2,2,2
750,3,2,3,3,0,1,3,2,2,2,2,0,4,0,2,2,2,2,0,4,0,2,2,1,1,2,2,0,3,2,2,1,3,2,2,2
751,2,2,2,2,0,4,0,2,2,1,1,2,2,0,2,2,2,2,0,4,0,1,2,2,2,1,3,0,2,1,2,2,2,2,2,2
752,2,1,2,1,2,2,0,2,2,3,3,0,2,2,2,2,3,2,0,3,1,1,1,1,1,4,0,0,1,3,2,1,2,2,2,1
753,1,1,1,1,4,0,0,1,1,1,1,4,0,0,1,2,2,2,1,3,0,1,2,3,2,1,2,1,1,1,2,2,1,1,2,2
754,2,2,2,2,0,4,0,2,2,2,3,0,3,1,2,2,2,2,0,4,0,1,2,3,1,2,1,1,2,2,2,2,2,2,2,2
755,2,1,1,1,3,1,0,2,2,3,3,0,2,2,2,2,2,2,0,4,0,1,2,1,1,3,1,0,1,3,2,1,1,2,2,1
756,2,2,2,2,0,4,0,2,2,2,3,0,3,1,2,2,2,2,0,4,0,NA,NA,NA,NA,NA,NA,NA,2,2,2,NA,2,2,2,NA
757,2,2,2,2,0,4,0,2,1,2,1,2,2,0,2,2,2,2,0,4,0,1,1,1,1,4,0,0,2,1,2,1,2,2,2,1
758,2,2,2,2,0,4,0,2,2,2,3,0,3,1,2,2,2,2,0,4,0,2,2,3,2,0,3,1,2,2,2,2,2,2,2,2
759,1,2,2,1,2,2,0,2,2,2,3,0,3,1,2,2,2,2,0,4,0,2,2,2,2,0,4,0,1,2,2,2,2,2,2,2
760,2,2,2,2,0,4,0,2,2,2,2,0,4,0,2,2,2,2,0,4,0,3,2,3,3,0,1,3,2,2,2,3,2,2,2,3
761,2,2,2,3,0,3,1,2,2,2,1,1,3,0,2,2,2,2,0,4,0,1,2,1,1,3,1,0,2,2,2,1,2,2,2,1
762,2,2,2,2,0,4,0,2,2,2,1,1,3,0,2,2,2,2,0,4,0,1,2,1,1,3,1,0,2,2,2,1,2,2,2,1
763,2,2,2,3,0,3,1,2,2,2,2,0,4,0,1,2,1,1,3,1,0,1,2,2,2,1,3,0,2,2,1,2,2,2,1,2
764,2,2,2,2,0,4,0,2,1,2,1,2,2,0,2,3,2,3,0,2,2,2,2,3,2,0,3,1,2,1,3,2,2,2,2,2
765,2,2,2,2,0,4,0,2,2,3,3,0,2,2,2,2,2,2,0,4,0,2,2,3,2,0,3,1,2,3,2,2,2,2,2,2
766,3,3,2,2,0,2,2,2,2,2,2,0,4,0,1,2,2,1,2,2,0,1,2,3,2,1,2,1,3,2,1,2,2,2,2,2
767,2,2,2,2,0,4,0,2,2,2,1,1,3,0,1,1,1,2,3,1,0,1,1,1,1,4,0,0,2,2,1,1,2,2,1,1
768,2,2,2,1,1,3,0,2,2,2,1,1,3,0,2,2,2,2,0,4,0,1,2,2,1,2,2,0,2,2,2,1,2,2,2,2
769,2,2,2,3,0,3,1,2,2,2,1,1,3,0,2,2,2,2,0,4,0,2,2,2,3,0,3,1,2,2,2,2,2,2,2,2
770,1,1,1,2,3,1,0,2,2,2,2,0,4,0,2,2,2,2,0,4,0,1,2,3,1,2,1,1,1,2,2,2,1,2,2,2
771,2,1,2,3,1,2,1,2,2,2,1,1,3,0,2,2,2,2,0,4,0,2,2,2,2,0,4,0,2,2,2,2,2,2,2,2
772,2,2,2,3,0,3,1,1,2,2,1,2,2,0,2,2,2,2,0,4,0,2,2,3,3,0,2,2,2,1,2,3,2,2,2,2
773,2,2,2,2,0,4,0,2,2,2,1,1,3,0,2,2,3,2,0,3,1,3,2,3,3,0,1,3,2,2,2,3,2,2,2,3
774,2,2,2,1,1,3,0,2,2,3,3,0,2,2,2,2,2,3,0,3,1,2,2,2,2,0,4,0,2,3,2,2,2,2,2,2
775,2,1,1,2,2,2,0,2,2,2,1,1,3,0,1,1,1,1,4,0,0,2,2,3,2,0,3,1,1,2,1,2,2,2,1,2
776,2,1,2,1,2,2,0,1,2,1,1,3,1,0,2,2,2,2,0,4,0,1,2,1,1,3,1,0,1,1,2,1,2,1,2,1
777,2,1,1,2,2,2,0,2,2,2,1,1,3,0,2,2,2,2,0,4,0,1,2,1,1,3,1,0,1,2,2,1,2,2,2,1
778,1,1,1,1,4,0,0,2,2,2,2,0,4,0,2,2,2,2,0,4,0,1,2,1,1,3,1,0,1,2,2,1,1,2,2,1
779,2,2,1,2,1,3,0,3,3,3,3,0,0,4,2,2,2,2,0,4,0,1,2,2,1,2,2,0,2,3,2,1,2,3,2,2
780,2,2,2,2,0,4,0,2,2,2,1,1,3,0,2,2,1,2,1,3,0,2,2,2,1,1,3,0,2,2,2,2,2,2,2,2
781,2,2,2,3,0,3,1,2,2,2,3,0,3,1,3,3,3,3,0,0,4,1,2,1,1,3,1,0,2,2,3,1,2,2,3,1
782,2,3,2,3,0,2,2,3,2,3,3,0,1,3,2,2,2,2,0,4,0,1,2,1,1,3,1,0,3,3,2,1,2,3,2,1
783,2,2,2,1,1,3,0,2,2,2,2,0,4,0,2,2,2,2,0,4,0,1,2,1,1,3,1,0,2,2,2,1,2,2,2,1
784,2,2,2,1,1,3,0,2,2,2,1,1,3,0,1,1,1,2,3,1,0,1,1,1,1,4,0,0,2,2,1,1,2,2,1,1
785,1,1,2,1,3,1,0,2,2,2,2,0,4,0,2,2,2,2,0,4,0,1,1,1,1,4,0,0,1,2,2,1,1,2,2,1
786,2,2,2,2,0,4,0,2,2,2,1,1,3,0,2,2,2,2,0,4,0,1,1,1,1,4,0,0,2,2,2,1,2,2,2,1
787,2,1,2,1,2,2,0,1,1,1,1,4,0,0,2,2,3,3,0,2,2,NA,NA,NA,NA,NA,NA,NA,1,1,3,NA,2,1,2,NA
788,2,3,3,3,0,1,3,2,2,2,2,0,4,0,2,2,2,2,0,4,0,1,2,2,1,2,2,0,3,2,2,1,3,2,2,2
789,1,2,1,1,3,1,0,2,2,3,3,0,2,2,2,2,2,2,0,4,0,1,2,1,1,3,1,0,1,3,2,1,1,2,2,1
790,3,3,2,3,0,1,3,2,2,2,2,0,4,0,2,2,2,2,0,4,0,2,2,2,2,0,4,0,3,2,2,2,3,2,2,2
791,1,2,1,1,3,1,0,2,2,2,1,1,3,0,2,2,2,2,0,4,0,2,2,1,1,2,2,0,1,2,2,1,1,2,2,2
792,1,2,1,1,3,1,0,2,1,2,1,2,2,0,2,2,2,2,0,4,0,1,2,1,1,3,1,0,1,1,2,1,1,2,2,1
793,2,2,2,3,0,3,1,2,1,2,1,2,2,0,NA,NA,NA,NA,NA,NA,NA,1,1,1,1,4,0,0,2,1,NA,1,2,2,NA,1
794,2,3,2,3,0,2,2,2,2,2,2,0,4,0,2,2,3,3,0,2,2,1,2,1,1,3,1,0,3,2,3,1,2,2,2,1
795,2,2,2,2,0,4,0,2,2,3,3,0,2,2,2,2,2,3,0,3,1,1,1,1,1,4,0,0,2,3,2,1,2,2,2,1
796,2,1,1,1,3,1,0,2,2,2,2,0,4,0,2,2,2,2,0,4,0,NA,NA,NA,NA,NA,NA,NA,1,2,2,NA,1,2,2,NA
797,2,2,2,1,1,3,0,2,2,2,1,1,3,0,2,2,2,2,0,4,0,1,2,2,1,2,2,0,2,2,2,1,2,2,2,2
798,2,2,2,3,0,3,1,2,2,3,2,0,3,1,2,2,2,2,0,4,0,2,2,3,2,0,3,1,2,2,2,2,2,2,2,2
799,2,2,2,3,0,3,1,2,2,3,3,0,2,2,2,2,2,2,0,4,0,1,1,1,1,4,0,0,2,3,2,1,2,2,2,1
800,2,2,2,3,0,3,1,3,2,3,3,0,1,3,2,2,2,2,0,4,0,NA,NA,NA,NA,NA,NA,NA,2,3,2,NA,2,3,2,NA
801,2,2,2,3,0,3,1,2,2,3,3,0,2,2,2,2,2,2,0,4,0,1,1,1,1,4,0,0,2,3,2,1,2,2,2,1
802,2,1,2,2,1,3,0,2,2,2,2,0,4,0,2,2,2,2,0,4,0,2,2,2,1,1,3,0,2,2,2,2,2,2,2,2
803,1,1,1,1,4,0,0,2,2,2,2,0,4,0,2,2,2,2,0,4,0,1,2,2,1,2,2,0,1,2,2,1,1,2,2,2
804,2,1,2,1,2,2,0,1,2,2,1,2,2,0,3,2,2,3,0,2,2,1,2,3,1,2,1,1,1,1,3,2,2,2,2,2
805,1,1,1,1,4,0,0,2,2,3,3,0,2,2,2,3,3,2,0,2,2,1,2,1,1,3,1,0,1,3,3,1,1,2,2,1
806,2,2,2,1,1,3,0,3,2,3,3,0,1,3,3,3,3,3,0,0,4,2,2,3,2,0,3,1,2,3,3,2,2,3,3,2
807,2,2,2,2,0,4,0,2,2,2,3,0,3,1,2,2,2,2,0,4,0,2,2,2,1,1,3,0,2,2,2,2,2,2,2,2
808,2,2,2,3,0,3,1,2,2,2,1,1,3,0,2,2,2,2,0,4,0,2,2,2,2,0,4,0,2,2,2,2,2,2,2,2
809,2,2,2,2,0,4,0,2,2,2,2,0,4,0,2,2,2,2,0,4,0,2,2,2,2,0,4,0,2,2,2,2,2,2,2,2
810,3,3,3,3,0,0,4,2,2,2,2,0,4,0,2,2,2,3,0,3,1,1,1,1,1,4,0,0,3,2,2,1,3,2,2,1
811,2,2,2,2,0,4,0,1,1,1,1,4,0,0,2,2,2,2,0,4,0,1,2,3,1,2,1,1,2,1,2,2,2,1,2,2
812,2,2,2,2,0,4,0,2,2,2,2,0,4,0,3,2,2,3,0,2,2,2,2,3,3,0,2,2,2,2,3,3,2,2,2,2
813,1,1,1,1,4,0,0,2,1,2,1,2,2,0,2,2,2,3,0,3,1,2,2,2,1,1,3,0,1,1,2,2,1,2,2,2
814,2,2,2,2,0,4,0,2,2,1,1,2,2,0,2,1,2,2,1,3,0,1,2,1,2,2,2,0,2,1,2,1,2,2,2,2
815,2,1,2,1,2,2,0,2,2,2,2,0,4,0,2,2,2,2,0,4,0,2,2,2,1,1,3,0,1,2,2,2,2,2,2,2
816,2,2,2,2,0,4,0,2,2,2,2,0,4,0,2,1,2,2,1,3,0,1,2,1,1,3,1,0,2,2,2,1,2,2,2,1
817,1,1,2,1,3,1,0,2,2,2,1,1,3,0,2,2,1,2,1,3,0,1,2,1,1,3,1,0,1,2,2,1,1,2,2,1
818,2,2,2,2,0,4,0,2,2,3,3,0,2,2,2,2,2,2,0,4,0,2,2,3,3,0,2,2,2,3,2,3,2,2,2,2
819,2,2,2,2,0,4,0,2,2,1,1,2,2,0,1,2,2,2,1,3,0,1,2,3,1,2,1,1,2,1,2,2,2,2,2,2
820,2,1,2,2,1,3,0,2,2,2,3,0,3,1,2,2,3,3,0,2,2,2,2,3,3,0,2,2,2,2,3,3,2,2,2,2
821,2,3,2,3,0,2,2,2,2,2,3,0,3,1,2,2,2,2,0,4,0,1,1,1,1,4,0,0,3,2,2,1,2,2,2,1
822,3,3,3,3,0,0,4,2,2,2,1,1,3,0,2,2,2,2,0,4,0,1,2,1,1,3,1,0,3,2,2,1,3,2,2,1
823,2,2,2,3,0,3,1,2,2,2,3,0,3,1,3,3,3,3,0,0,4,1,2,1,1,3,1,0,2,2,3,1,2,2,3,1
824,2,1,2,2,1,3,0,2,2,2,3,0,3,1,2,2,2,2,0,4,0,1,2,1,1,3,1,0,2,2,2,1,2,2,2,1
825,2,2,2,2,0,4,0,2,2,2,3,0,3,1,2,2,2,2,0,4,0,1,2,3,1,2,1,1,2,2,2,2,2,2,2,2
826,2,2,2,1,1,3,0,2,2,2,2,0,4,0,2,2,2,2,0,4,0,1,2,2,1,2,2,0,2,2,2,1,2,2,2,2
827,2,2,2,2,0,4,0,2,2,2,2,0,4,0,2,2,2,2,0,4,0,NA,NA,NA,NA,NA,NA,NA,2,2,2,NA,2,2,2,NA
828,2,2,2,1,1,3,0,2,2,2,1,1,3,0,2,2,3,3,0,2,2,2,2,2,3,0,3,1,2,2,3,2,2,2,2,2
829,2,2,2,2,0,4,0,2,2,2,2,0,4,0,2,2,2,2,0,4,0,2,2,3,2,0,3,1,2,2,2,2,2,2,2,2
830,1,1,2,1,3,1,0,1,1,1,1,4,0,0,2,2,2,2,0,4,0,1,2,2,1,2,2,0,1,1,2,1,1,1,2,2
831,2,1,2,1,2,2,0,2,1,2,1,2,2,0,2,2,3,3,0,2,2,2,2,3,2,0,3,1,1,1,3,2,2,2,2,2
832,2,2,2,3,0,3,1,2,2,2,1,1,3,0,2,2,2,2,0,4,0,2,2,3,3,0,2,2,2,2,2,3,2,2,2,2
833,2,2,2,1,1,3,0,1,1,1,1,4,0,0,2,2,2,2,0,4,0,1,2,2,1,2,2,0,2,1,2,1,2,1,2,2
834,2,2,2,3,0,3,1,2,2,3,3,0,2,2,1,2,2,2,1,3,0,NA,NA,NA,NA,NA,NA,NA,2,3,2,NA,2,2,2,NA
835,2,1,2,1,2,2,0,2,2,2,1,1,3,0,2,2,2,2,0,4,0,1,2,2,1,2,2,0,1,2,2,1,2,2,2,2
836,2,2,2,3,0,3,1,2,2,2,2,0,4,0,2,2,2,2,0,4,0,2,2,3,3,0,2,2,2,2,2,3,2,2,2,2
837,2,1,2,3,1,2,1,2,2,2,2,0,4,0,3,2,3,3,0,1,3,1,2,1,1,3,1,0,2,2,3,1,2,2,3,1
838,2,1,2,2,1,3,0,2,2,2,2,0,4,0,2,2,2,2,0,4,0,2,2,2,2,0,4,0,2,2,2,2,2,2,2,2
839,2,2,2,2,0,4,0,2,2,2,1,1,3,0,2,2,2,2,0,4,0,1,2,1,1,3,1,0,2,2,2,1,2,2,2,1
840,2,2,2,2,0,4,0,1,1,2,1,3,1,0,2,2,2,2,0,4,0,2,2,1,2,1,3,0,2,1,2,2,2,1,2,2
841,2,3,2,2,0,3,1,2,2,2,1,1,3,0,2,2,2,2,0,4,0,2,2,3,2,0,3,1,2,2,2,2,2,2,2,2
842,2,2,2,2,0,4,0,2,2,2,1,1,3,0,2,2,2,2,0,4,0,2,2,3,1,1,2,1,2,2,2,2,2,2,2,2
843,2,2,2,2,0,4,0,2,2,2,2,0,4,0,2,2,2,2,0,4,0,2,2,2,1,1,3,0,2,2,2,2,2,2,2,2
844,2,2,2,2,0,4,0,2,2,2,1,1,3,0,2,2,2,2,0,4,0,1,2,1,1,3,1,0,2,2,2,1,2,2,2,1
845,2,1,2,2,1,3,0,1,1,1,1,4,0,0,NA,NA,NA,NA,NA,NA,NA,2,2,3,2,0,3,1,2,1,NA,2,2,1,NA,2
846,2,2,2,1,1,3,0,1,1,1,1,4,0,0,2,2,2,3,0,3,1,NA,NA,NA,NA,NA,NA,NA,2,1,2,NA,2,1,2,NA
847,2,2,2,3,0,3,1,2,2,2,3,0,3,1,1,2,1,1,3,1,0,1,2,1,1,3,1,0,2,2,1,1,2,2,1,1
848,2,1,2,1,2,2,0,2,2,2,1,1,3,0,2,2,2,3,0,3,1,1,2,1,1,3,1,0,1,2,2,1,2,2,2,1
849,2,2,2,1,1,3,0,2,2,2,1,1,3,0,2,2,2,2,0,4,0,2,2,3,3,0,2,2,2,2,2,3,2,2,2,2
850,1,2,1,1,3,1,0,2,2,2,2,0,4,0,2,3,3,3,0,1,3,1,2,3,3,1,1,2,1,2,3,2,1,2,3,2
851,2,2,2,3,0,3,1,2,2,2,2,0,4,0,2,2,2,2,0,4,0,1,2,1,1,3,1,0,2,2,2,1,2,2,2,1
852,1,1,2,1,3,1,0,2,2,2,3,0,3,1,2,2,2,2,0,4,0,2,2,2,1,1,3,0,1,2,2,2,1,2,2,2
853,2,1,2,2,1,3,0,2,2,2,2,0,4,0,2,2,2,2,0,4,0,NA,NA,NA,NA,NA,NA,NA,2,2,2,NA,2,2,2,NA
854,2,2,2,2,0,4,0,2,2,2,3,0,3,1,2,2,2,2,0,4,0,1,1,1,1,4,0,0,2,2,2,1,2,2,2,1
855,1,1,1,1,4,0,0,2,2,2,3,0,3,1,2,2,1,1,2,2,0,1,2,1,1,3,1,0,1,2,1,1,1,2,2,1
856,2,1,2,2,1,3,0,2,2,2,3,0,3,1,2,2,2,3,0,3,1,NA,NA,NA,NA,NA,NA,NA,2,2,2,NA,2,2,2,NA
857,1,1,2,1,3,1,0,2,2,2,1,1,3,0,3,3,2,2,0,2,2,NA,NA,NA,NA,NA,NA,NA,1,2,3,NA,1,2,2,NA
858,1,1,2,1,3,1,0,2,2,1,3,1,2,1,3,2,3,2,0,2,2,2,2,3,3,0,2,2,1,2,3,3,1,2,2,2
859,2,2,2,3,0,3,1,2,2,2,1,1,3,0,2,2,2,2,0,4,0,NA,NA,NA,NA,NA,NA,NA,2,2,2,NA,2,2,2,NA
860,2,2,2,2,0,4,0,2,1,2,1,2,2,0,2,2,2,2,0,4,0,2,2,3,3,0,2,2,2,1,2,3,2,2,2,2
861,2,2,2,2,0,4,0,1,1,2,1,3,1,0,2,2,2,2,0,4,0,1,2,1,1,3,1,0,2,1,2,1,2,1,2,1
862,2,2,2,1,1,3,0,2,2,2,2,0,4,0,2,2,2,2,0,4,0,2,2,3,3,0,2,2,2,2,2,3,2,2,2,2
863,1,1,2,1,3,1,0,2,2,2,2,0,4,0,2,2,2,2,0,4,0,1,2,3,1,2,1,1,1,2,2,2,1,2,2,2
864,2,1,2,1,2,2,0,2,2,2,3,0,3,1,2,2,2,2,0,4,0,2,2,2,1,1,3,0,1,2,2,2,2,2,2,2
865,1,2,2,2,1,3,0,2,2,2,1,1,3,0,1,1,1,1,4,0,0,2,2,3,3,0,2,2,2,2,1,3,2,2,1,2
866,2,1,2,2,1,3,0,2,2,2,1,1,3,0,2,2,2,2,0,4,0,1,2,1,1,3,1,0,2,2,2,1,2,2,2,1
867,2,1,2,2,1,3,0,2,2,2,3,0,3,1,2,2,2,2,0,4,0,1,2,2,2,1,3,0,2,2,2,2,2,2,2,2
868,3,2,2,3,0,2,2,2,2,2,2,0,4,0,2,3,3,3,0,1,3,3,2,3,3,0,1,3,3,2,3,3,2,2,3,3
869,2,2,2,2,0,4,0,2,2,2,2,0,4,0,2,2,2,2,0,4,0,2,2,3,1,1,2,1,2,2,2,2,2,2,2,2
870,2,2,2,3,0,3,1,2,2,2,2,0,4,0,2,1,2,2,1,3,0,3,2,3,3,0,1,3,2,2,2,3,2,2,2,3
871,2,2,2,2,0,4,0,2,2,2,3,0,3,1,2,2,2,2,0,4,0,2,2,2,2,0,4,0,2,2,2,2,2,2,2,2
872,3,3,2,3,0,1,3,2,2,1,1,2,2,0,2,2,2,2,0,4,0,3,2,3,3,0,1,3,3,1,2,3,3,2,2,3
873,2,2,2,1,1,3,0,2,2,2,1,1,3,0,2,2,2,2,0,4,0,1,2,2,2,1,3,0,2,2,2,2,2,2,2,2
874,2,2,2,2,0,4,0,2,1,2,1,2,2,0,2,2,2,2,0,4,0,2,2,2,3,0,3,1,2,1,2,2,2,2,2,2
875,2,2,2,2,0,4,0,1,2,1,1,3,1,0,2,2,2,2,0,4,0,2,2,2,2,0,4,0,2,1,2,2,2,1,2,2
876,2,2,2,2,0,4,0,2,2,2,2,0,4,0,2,2,2,2,0,4,0,1,2,2,3,1,2,1,2,2,2,2,2,2,2,2
877,1,1,1,1,4,0,0,1,1,1,1,4,0,0,2,2,2,2,0,4,0,1,2,1,1,3,1,0,1,1,2,1,1,1,2,1
878,2,3,2,3,0,2,2,1,2,2,2,1,3,0,2,2,2,2,0,4,0,1,2,1,1,3,1,0,3,2,2,1,2,2,2,1
879,2,2,2,2,0,4,0,2,2,2,2,0,4,0,2,2,2,2,0,4,0,3,2,3,3,0,1,3,2,2,2,3,2,2,2,3
880,2,2,2,3,0,3,1,2,2,3,3,0,2,2,2,2,2,2,0,4,0,1,2,3,1,2,1,1,2,3,2,2,2,2,2,2
881,2,2,2,1,1,3,0,2,2,2,1,1,3,0,2,2,2,2,0,4,0,1,2,2,1,2,2,0,2,2,2,1,2,2,2,2
882,2,2,2,3,0,3,1,2,2,2,1,1,3,0,2,2,2,3,0,3,1,3,2,3,3,0,1,3,2,2,2,3,2,2,2,3
883,1,1,2,1,3,1,0,2,1,2,1,2,2,0,1,2,2,2,1,3,0,1,2,2,2,1,3,0,1,1,2,2,1,2,2,2
884,2,2,2,2,0,4,0,1,1,1,1,4,0,0,2,2,2,2,0,4,0,2,2,2,3,0,3,1,2,1,2,2,2,1,2,2
885,2,1,2,2,1,3,0,2,2,2,3,0,3,1,1,1,1,1,4,0,0,2,2,1,2,1,3,0,2,2,1,2,2,2,1,2
886,2,2,2,3,0,3,1,2,2,2,1,1,3,0,2,2,2,3,0,3,1,1,2,2,1,2,2,0,2,2,2,1,2,2,2,2
887,2,2,2,3,0,3,1,1,2,1,1,3,1,0,2,2,2,2,0,4,0,1,1,1,1,4,0,0,2,1,2,1,2,1,2,1
888,2,1,1,1,3,1,0,2,2,2,1,1,3,0,1,2,2,2,1,3,0,2,2,3,2,0,3,1,1,2,2,2,1,2,2,2
889,2,2,2,2,0,4,0,2,2,2,3,0,3,1,2,2,2,2,0,4,0,3,2,3,2,0,2,2,2,2,2,3,2,2,2,2
890,2,2,2,2,0,4,0,1,2,1,1,3,1,0,2,2,2,2,0,4,0,1,2,2,1,2,2,0,2,1,2,1,2,1,2,2
891,2,1,2,2,1,3,0,1,2,2,1,2,2,0,3,2,3,3,0,1,3,1,1,1,1,4,0,0,2,1,3,1,2,2,3,1
892,1,1,2,1,3,1,0,2,2,2,1,1,3,0,2,2,2,2,0,4,0,1,1,1,1,4,0,0,1,2,2,1,1,2,2,1
893,2,2,2,2,0,4,0,2,2,2,1,1,3,0,NA,NA,NA,NA,NA,NA,NA,1,2,1,1,3,1,0,2,2,NA,1,2,2,NA,1
894,2,1,2,1,2,2,0,2,2,2,1,1,3,0,2,2,2,2,0,4,0,1,2,2,2,1,3,0,1,2,2,2,2,2,2,2
895,2,2,2,3,0,3,1,1,2,2,1,2,2,0,2,2,2,2,0,4,0,1,2,1,1,3,1,0,2,1,2,1,2,2,2,1
896,2,2,2,2,0,4,0,2,2,2,3,0,3,1,2,2,2,2,0,4,0,1,2,2,1,2,2,0,2,2,2,1,2,2,2,2
897,3,2,2,2,0,3,1,2,2,2,2,0,4,0,2,2,2,2,0,4,0,2,2,3,1,1,2,1,2,2,2,2,2,2,2,2
898,3,3,2,3,0,1,3,2,2,2,2,0,4,0,2,2,2,3,0,3,1,1,2,1,1,3,1,0,3,2,2,1,3,2,2,1
899,2,2,2,2,0,4,0,2,2,3,3,0,2,2,2,2,2,2,0,4,0,NA,NA,NA,NA,NA,NA,NA,2,3,2,NA,2,2,2,NA
900,2,1,2,3,1,2,1,2,2,2,1,1,3,0,1,1,1,1,4,0,0,NA,NA,NA,NA,NA,NA,NA,2,2,1,NA,2,2,1,NA
901,2,2,2,2,0,4,0,2,2,2,3,0,3,1,2,2,2,2,0,4,0,1,1,1,1,4,0,0,2,2,2,1,2,2,2,1
902,3,2,3,3,0,1,3,2,2,2,3,0,3,1,1,1,2,1,3,1,0,1,2,2,3,1,2,1,3,2,1,2,3,2,1,2
903,3,1,2,2,1,2,1,2,2,2,1,1,3,0,1,1,1,2,3,1,0,2,2,2,1,1,3,0,2,2,1,2,2,2,1,2
904,2,1,1,2,2,2,0,2,3,3,3,0,1,3,2,2,2,2,0,4,0,1,1,1,1,4,0,0,1,3,2,1,2,3,2,1
905,2,1,1,2,2,2,0,2,2,2,1,1,3,0,2,2,2,2,0,4,0,1,2,1,1,3,1,0,1,2,2,1,2,2,2,1
906,1,1,2,1,3,1,0,2,2,2,1,1,3,0,2,2,2,2,0,4,0,1,2,1,1,3,1,0,1,2,2,1,1,2,2,1
907,1,1,1,1,4,0,0,2,2,2,3,0,3,1,2,2,2,2,0,4,0,1,2,2,2,1,3,0,1,2,2,2,1,2,2,2
908,2,1,2,1,2,2,0,2,2,2,3,0,3,1,2,2,2,3,0,3,1,2,2,3,1,1,2,1,1,2,2,2,2,2,2,2
909,2,1,2,2,1,3,0,2,2,2,1,1,3,0,2,2,2,2,0,4,0,2,2,2,3,0,3,1,2,2,2,2,2,2,2,2
910,2,1,2,1,2,2,0,1,1,1,1,4,0,0,2,2,2,2,0,4,0,2,2,2,2,0,4,0,1,1,2,2,2,1,2,2
911,2,1,2,2,1,3,0,2,2,2,1,1,3,0,1,2,2,2,1,3,0,1,2,1,1,3,1,0,2,2,2,1,2,2,2,1
912,2,1,2,1,2,2,0,2,2,2,2,0,4,0,1,2,2,2,1,3,0,1,2,3,1,2,1,1,1,2,2,2,2,2,2,2
913,2,2,2,3,0,3,1,2,2,2,1,1,3,0,2,2,3,3,0,2,2,1,2,2,1,2,2,0,2,2,3,1,2,2,2,2
914,1,1,1,1,4,0,0,2,2,2,2,0,4,0,2,2,2,2,0,4,0,2,2,2,3,0,3,1,1,2,2,2,1,2,2,2
915,1,1,1,1,4,0,0,2,2,2,2,0,4,0,2,2,2,2,0,4,0,1,2,1,1,3,1,0,1,2,2,1,1,2,2,1
916,2,3,2,2,0,3,1,1,1,1,1,4,0,0,2,2,2,3,0,3,1,1,2,3,1,2,1,1,2,1,2,2,2,1,2,2
917,2,2,2,2,0,4,0,2,1,1,1,3,1,0,2,2,2,2,0,4,0,1,1,1,1,4,0,0,2,1,2,1,2,1,2,1
918,2,2,2,2,0,4,0,2,2,2,1,1,3,0,1,2,1,1,3,1,0,1,1,1,1,4,0,0,2,2,1,1,2,2,1,1
919,2,1,2,3,1,2,1,2,2,2,3,0,3,1,2,2,2,3,0,3,1,2,2,3,3,0,2,2,2,2,2,3,2,2,2,2
920,1,1,1,1,4,0,0,2,2,2,1,1,3,0,2,2,2,2,0,4,0,1,1,1,1,4,0,0,1,2,2,1,1,2,2,1
921,3,2,2,2,0,3,1,2,2,2,2,0,4,0,2,2,2,3,0,3,1,1,2,3,1,2,1,1,2,2,2,2,2,2,2,2
922,2,2,2,2,0,4,0,2,2,2,3,0,3,1,1,2,1,2,2,2,0,1,2,3,1,2,1,1,2,2,1,2,2,2,2,2
923,1,1,2,1,3,1,0,1,1,1,1,4,0,0,2,2,2,2,0,4,0,1,2,2,1,2,2,0,1,1,2,1,1,1,2,2
924,2,1,1,2,2,2,0,2,2,2,3,0,3,1,2,2,2,2,0,4,0,1,2,2,1,2,2,0,1,2,2,1,2,2,2,2
925,1,1,2,1,3,1,0,2,2,2,3,0,3,1,2,2,2,3,0,3,1,2,2,2,2,0,4,0,1,2,2,2,1,2,2,2
926,2,2,2,3,0,3,1,2,2,2,3,0,3,1,2,2,2,3,0,3,1,2,2,2,3,0,3,1,2,2,2,2,2,2,2,2
927,2,2,2,3,0,3,1,2,1,2,1,2,2,0,2,2,2,2,0,4,0,1,1,1,1,4,0,0,2,1,2,1,2,2,2,1
928,2,1,2,1,2,2,0,2,2,3,3,0,2,2,2,2,2,2,0,4,0,2,2,3,3,0,2,2,1,3,2,3,2,2,2,2
929,2,1,2,1,2,2,0,2,1,1,1,3,1,0,2,2,2,2,0,4,0,1,2,1,1,3,1,0,1,1,2,1,2,1,2,1
930,2,2,2,2,0,4,0,1,1,1,1,4,0,0,2,2,2,3,0,3,1,1,2,3,1,2,1,1,2,1,2,2,2,1,2,2
931,1,1,1,1,4,0,0,2,2,2,2,0,4,0,3,2,3,3,0,1,3,2,2,1,2,1,3,0,1,2,3,2,1,2,3,2
932,2,2,2,2,0,4,0,2,2,2,1,1,3,0,2,2,2,3,0,3,1,NA,NA,NA,NA,NA,NA,NA,2,2,2,NA,2,2,2,NA
933,2,1,2,1,2,2,0,2,2,2,2,0,4,0,1,1,1,1,4,0,0,3,2,2,3,0,2,2,1,2,1,3,2,2,1,2
934,1,3,1,1,3,0,1,1,1,2,1,3,1,0,2,2,2,2,0,4,0,1,2,1,1,3,1,0,1,1,2,1,1,1,2,1
935,2,2,2,2,0,4,0,2,2,2,1,1,3,0,2,2,2,2,0,4,0,1,2,3,1,2,1,1,2,2,2,2,2,2,2,2
936,3,3,3,3,0,0,4,1,1,1,1,4,0,0,2,2,2,2,0,4,0,1,2,1,1,3,1,0,3,1,2,1,3,1,2,1
937,2,2,2,2,0,4,0,1,1,1,1,4,0,0,2,2,2,2,0,4,0,1,2,1,1,3,1,0,2,1,2,1,2,1,2,1
938,2,2,2,2,0,4,0,2,2,2,3,0,3,1,2,2,2,2,0,4,0,2,2,3,3,0,2,2,2,2,2,3,2,2,2,2
939,1,2,2,1,2,2,0,2,2,2,2,0,4,0,2,2,2,2,0,4,0,2,2,1,1,2,2,0,1,2,2,1,2,2,2,2
940,2,3,2,3,0,2,2,1,2,2,1,2,2,0,2,2,2,3,0,3,1,1,2,3,1,2,1,1,3,1,2,2,2,2,2,2
941,2,2,2,3,0,3,1,2,2,2,2,0,4,0,2,2,2,2,0,4,0,NA,NA,NA,NA,NA,NA,NA,2,2,2,NA,2,2,2,NA
942,1,2,2,2,1,3,0,2,2,2,1,1,3,0,2,2,2,2,0,4,0,1,2,2,3,1,2,1,2,2,2,2,2,2,2,2
943,2,1,2,2,1,3,0,2,2,2,1,1,3,0,2,2,2,2,0,4,0,2,2,3,2,0,3,1,2,2,2,2,2,2,2,2
944,2,2,2,2,0,4,0,2,2,2,1,1,3,0,2,2,2,2,0,4,0,2,2,3,3,0,2,2,2,2,2,3,2,2,2,2
945,2,2,2,3,0,3,1,2,2,2,1,1,3,0,2,2,3,3,0,2,2,1,2,1,1,3,1,0,2,2,3,1,2,2,2,1
946,2,1,2,2,1,3,0,2,3,3,3,0,1,3,2,2,2,2,0,4,0,1,2,1,1,3,1,0,2,3,2,1,2,3,2,1
947,2,2,2,3,0,3,1,2,2,2,3,0,3,1,2,2,2,3,0,3,1,2,2,2,3,0,3,1,2,2,2,2,2,2,2,2
948,1,1,2,1,3,1,0,2,2,2,2,0,4,0,2,2,2,3,0,3,1,1,2,1,1,3,1,0,1,2,2,1,1,2,2,1
949,2,2,2,2,0,4,0,2,2,2,2,0,4,0,2,2,1,1,2,2,0,2,2,3,3,0,2,2,2,2,1,3,2,2,2,2
950,2,2,2,3,0,3,1,3,3,3,3,0,0,4,2,2,3,2,0,3,1,1,2,2,1,2,2,0,2,3,2,1,2,3,2,2
951,2,2,2,2,0,4,0,2,2,2,2,0,4,0,1,1,1,1,4,0,0,2,2,3,1,1,2,1,2,2,1,2,2,2,1,2
952,1,1,2,1,3,1,0,2,2,3,3,0,2,2,2,2,2,2,0,4,0,2,2,2,2,0,4,0,1,3,2,2,1,2,2,2
953,2,2,2,2,0,4,0,2,2,2,3,0,3,1,2,2,2,2,0,4,0,3,2,3,3,0,1,3,2,2,2,3,2,2,2,3
954,2,1,2,2,1,3,0,2,2,2,2,0,4,0,2,2,2,2,0,4,0,1,2,2,1,2,2,0,2,2,2,1,2,2,2,2
955,2,2,2,3,0,3,1,1,2,2,1,2,2,0,2,2,2,3,0,3,1,1,2,3,1,2,1,1,2,1,2,2,2,2,2,2
956,2,3,2,2,0,3,1,2,2,2,2,0,4,0,2,2,2,2,0,4,0,1,2,2,1,2,2,0,2,2,2,1,2,2,2,2
957,2,2,2,2,0,4,0,2,2,2,3,0,3,1,2,2,1,1,2,2,0,2,2,3,3,0,2,2,2,2,1,3,2,2,2,2
958,1,2,2,2,1,3,0,1,2,1,1,3,1,0,2,2,2,2,0,4,0,1,2,2,1,2,2,0,2,1,2,1,2,1,2,2
959,2,2,2,2,0,4,0,2,2,2,3,0,3,1,2,2,2,2,0,4,0,1,2,2,1,2,2,0,2,2,2,1,2,2,2,2
960,2,1,2,1,2,2,0,3,2,3,3,0,1,3,2,2,2,2,0,4,0,1,2,2,1,2,2,0,1,3,2,1,2,3,2,2
961,2,1,2,1,2,2,0,2,2,2,2,0,4,0,2,2,2,2,0,4,0,2,2,2,3,0,3,1,1,2,2,2,2,2,2,2
962,1,2,2,1,2,2,0,2,2,2,1,1,3,0,2,2,2,2,0,4,0,1,2,1,1,3,1,0,1,2,2,1,2,2,2,1
963,2,1,2,2,1,3,0,2,3,2,1,1,2,1,2,2,2,2,0,4,0,1,1,1,1,4,0,0,2,2,2,1,2,2,2,1
964,3,2,2,2,0,3,1,2,2,3,3,0,2,2,2,1,1,1,3,1,0,2,2,1,3,1,2,1,2,3,1,2,2,2,1,2
965,2,2,2,2,0,4,0,2,2,2,2,0,4,0,1,2,2,2,1,3,0,1,1,1,1,4,0,0,2,2,2,1,2,2,2,1
966,2,3,2,2,0,3,1,2,2,2,2,0,4,0,2,2,2,2,0,4,0,1,2,1,1,3,1,0,2,2,2,1,2,2,2,1
967,2,2,2,2,0,4,0,2,2,2,1,1,3,0,2,2,2,3,0,3,1,1,1,1,1,4,0,0,2,2,2,1,2,2,2,1
968,1,2,2,1,2,2,0,2,2,2,1,1,3,0,2,2,2,3,0,3,1,2,2,3,3,0,2,2,1,2,2,3,2,2,2,2
969,2,2,2,2,0,4,0,2,2,2,1,1,3,0,2,1,2,1,2,2,0,2,2,2,1,1,3,0,2,2,1,2,2,2,2,2
970,2,2,2,1,1,3,0,2,2,2,2,0,4,0,2,2,2,2,0,4,0,1,2,3,1,2,1,1,2,2,2,2,2,2,2,2
971,2,1,2,1,2,2,0,2,2,2,3,0,3,1,2,2,2,2,0,4,0,1,2,2,1,2,2,0,1,2,2,1,2,2,2,2
972,2,1,2,1,2,2,0,1,1,2,1,3,1,0,2,2,2,2,0,4,0,2,2,2,3,0,3,1,1,1,2,2,2,1,2,2
973,2,1,2,1,2,2,0,2,2,2,2,0,4,0,1,2,2,2,1,3,0,2,2,2,1,1,3,0,1,2,2,2,2,2,2,2
974,2,2,2,2,0,4,0,2,2,2,3,0,3,1,2,2,2,2,0,4,0,2,2,2,2,0,4,0,2,2,2,2,2,2,2,2
975,2,2,2,2,0,4,0,2,2,2,1,1,3,0,2,2,2,2,0,4,0,2,2,1,1,2,2,0,2,2,2,1,2,2,2,2
976,2,1,1,1,3,1,0,2,2,2,1,1,3,0,2,2,2,2,0,4,0,1,2,2,1,2,2,0,1,2,2,1,1,2,2,2
977,2,1,2,3,1,2,1,2,2,2,2,0,4,0,2,2,2,2,0,4,0,1,2,3,3,1,1,2,2,2,2,2,2,2,2,2
978,2,2,2,2,0,4,0,2,2,2,1,1,3,0,2,2,2,2,0,4,0,1,2,3,2,1,2,1,2,2,2,2,2,2,2,2
979,2,2,2,2,0,4,0,2,2,2,3,0,3,1,2,2,2,2,0,4,0,1,2,1,1,3,1,0,2,2,2,1,2,2,2,1
980,2,2,2,2,0,4,0,2,2,2,3,0,3,1,2,2,2,2,0,4,0,2,2,1,1,2,2,0,2,2,2,1,2,2,2,2
981,2,1,2,1,2,2,0,2,2,2,2,0,4,0,2,2,2,2,0,4,0,2,2,3,1,1,2,1,1,2,2,2,2,2,2,2
982,2,3,2,3,0,2,2,2,2,2,2,0,4,0,2,2,2,2,0,4,0,1,1,1,1,4,0,0,3,2,2,1,2,2,2,1
983,2,1,1,1,3,1,0,2,1,1,1,3,1,0,2,2,2,2,0,4,0,2,2,3,3,0,2,2,1,1,2,3,1,1,2,2
984,2,1,2,1,2,2,0,2,2,2,3,0,3,1,2,2,2,2,0,4,0,2,2,3,3,0,2,2,1,2,2,3,2,2,2,2
985,2,2,2,2,0,4,0,1,2,1,1,3,1,0,2,2,2,3,0,3,1,2,2,2,3,0,3,1,2,1,2,2,2,1,2,2
986,2,3,2,2,0,3,1,2,2,2,3,0,3,1,2,2,2,2,0,4,0,1,2,2,3,1,2,1,2,2,2,2,2,2,2,2
987,2,2,2,3,0,3,1,2,2,2,3,0,3,1,2,2,2,2,0,4,0,NA,NA,NA,NA,NA,NA,NA,2,2,2,NA,2,2,2,NA
988,2,2,2,3,0,3,1,2,2,2,1,1,3,0,2,2,3,3,0,2,2,2,2,3,3,0,2,2,2,2,3,3,2,2,2,2
989,2,2,2,2,0,4,0,2,2,2,3,0,3,1,2,2,2,2,0,4,0,1,2,1,1,3,1,0,2,2,2,1,2,2,2,1
990,1,1,2,1,3,1,0,2,2,2,2,0,4,0,2,2,2,2,0,4,0,1,2,1,1,3,1,0,1,2,2,1,1,2,2,1
991,2,2,2,2,0,4,0,2,1,2,1,2,2,0,2,2,3,3,0,2,2,2,2,3,3,0,2,2,2,1,3,3,2,2,2,2
992,2,2,2,2,0,4,0,2,2,2,3,0,3,1,3,2,2,3,0,2,2,2,2,1,1,2,2,0,2,2,3,1,2,2,2,2
993,2,2,2,2,0,4,0,2,2,2,1,1,3,0,2,2,2,2,0,4,0,1,2,1,1,3,1,0,2,2,2,1,2,2,2,1
994,2,1,2,2,1,3,0,2,2,2,1,1,3,0,1,2,1,1,3,1,0,1,2,1,1,3,1,0,2,2,1,1,2,2,1,1
995,2,2,2,3,0,3,1,2,2,2,1,1,3,0,2,2,2,2,0,4,0,2,2,2,2,0,4,0,2,2,2,2,2,2,2,2
996,1,1,1,1,4,0,0,2,2,2,1,1,3,0,2,2,3,3,0,2,2,1,2,2,1,2,2,0,1,2,3,1,1,2,2,2
997,3,2,2,3,0,2,2,2,2,2,2,0,4,0,2,2,3,2,0,3,1,1,1,1,1,4,0,0,3,2,2,1,2,2,2,1
998,2,2,2,1,1,3,0,2,2,1,1,2,2,0,2,2,3,3,0,2,2,1,2,1,1,3,1,0,2,1,3,1,2,2,2,1
999,2,1,1,1,3,1,0,2,2,2,1,1,3,0,2,2,2,3,0,3,1,1,2,1,1,3,1,0,1,2,2,1,1,2,2,1
1000,2,2,2,1,1,3,0,2,2,2,1,1,3,0,2,2,2,2,0,4,0,1,2,1,1,3,1,0,2,2,2,1,2,2,2,1
